<?xml version="1.0" encoding="UTF-8" standalone="yes"?>
<TableDataGenerator xmlns="http://www.domincgiles.com/datagen">
    <DatabaseConnectionInformation>
        <Username></Username>
        <Password></Password>
        <ConnectString></ConnectString>
        <DriverType>thin</DriverType>
    </DatabaseConnectionInformation>
    <Table RowCount="25">
        <TableName>NATION</TableName>
        <Columns>
            <Column>
                <ColumnName>N_NATIONKEY</ColumnName>
                <DataType>NUMBER</DataType>
                <PrimaryKey>true</PrimaryKey>
                <NullsAllowed>false</NullsAllowed>
                <Size>0</Size>
                <PopulateWith>
                    <DataGenerator>
                        <NumberGenerator>
                            <id>N_NATIONKEYDG</id>
                            <Start>0</Start>
                            <End>999999999999999999</End>
                            <OrderedSequence>false</OrderedSequence>
                            <PercentageNull>0</PercentageNull>
                            <FormatMask></FormatMask>
                            <LocalSequence>false</LocalSequence>
                            <NormalDistribution>false</NormalDistribution>
                        </NumberGenerator>
                    </DataGenerator>
                </PopulateWith>
            </Column>
            <Column>
                <ColumnName>N_NAME</ColumnName>
                <DataType>CHAR</DataType>
                <PrimaryKey>false</PrimaryKey>
                <NullsAllowed>false</NullsAllowed>
                <Size>25</Size>
                <PopulateWith>
                    <DataGenerator>
                        <CharacterGenerator>
                            <id>N_NAMEDG</id>
                            <CharacterClass>Alpha Numeric</CharacterClass>
                            <MinimumSize>1</MinimumSize>
                            <MaximumSize>25</MaximumSize>
                            <PercentageNull>0</PercentageNull>
                        </CharacterGenerator>
                    </DataGenerator>
                </PopulateWith>
            </Column>
            <Column>
                <ColumnName>N_REGIONKEY</ColumnName>
                <DataType>NUMBER</DataType>
                <PrimaryKey>false</PrimaryKey>
                <NullsAllowed>false</NullsAllowed>
                <Size>0</Size>
                <PopulateWith>
                    <DataGenerator>
                        <NumberGenerator>
                            <id>N_REGIONKEYDG</id>
                            <Start>0</Start>
                            <End>999999999999999999</End>
                            <OrderedSequence>false</OrderedSequence>
                            <PercentageNull>0</PercentageNull>
                            <FormatMask></FormatMask>
                            <LocalSequence>false</LocalSequence>
                            <NormalDistribution>false</NormalDistribution>
                        </NumberGenerator>
                    </DataGenerator>
                </PopulateWith>
            </Column>
            <Column>
                <ColumnName>N_COMMENT</ColumnName>
                <DataType>VARCHAR2</DataType>
                <PrimaryKey>false</PrimaryKey>
                <NullsAllowed>true</NullsAllowed>
                <Size>152</Size>
                <PopulateWith>
                    <DataGenerator>
                        <CharacterGenerator>
                            <id>N_COMMENTDG</id>
                            <CharacterClass>Alpha Numeric</CharacterClass>
                            <MinimumSize>1</MinimumSize>
                            <MaximumSize>152</MaximumSize>
                            <PercentageNull>0</PercentageNull>
                        </CharacterGenerator>
                    </DataGenerator>
                </PopulateWith>
            </Column>
        </Columns>
        <Data>
            <DataValue>0,ALGERIA                  ,0,"haggle. carefully final deposits detect slyly agai",
1,ARGENTINA                ,1,"al foxes promise slyly according to the regular accounts. bold requests alon",
2,BRAZIL                   ,1,"y alongside of the pending deposits. carefully special packages are about the ironic forges. slyly special ",
3,CANADA                   ,1,"eas hang ironic, silent packages. slyly regular packages are furiously over the tithes. fluffily bold",
4,EGYPT                    ,4,"y above the carefully unusual theodolites. final dugouts are quickly across the furiously regular d",
5,ETHIOPIA                 ,0,"ven packages wake quickly. regu",
6,FRANCE                   ,3,"refully final requests. regular, ironi",
7,GERMANY                  ,3,"l platelets. regular accounts x-ray: unusual, regular acco",
8,INDIA                    ,2,"ss excuses cajole slyly across the packages. deposits print aroun",
9,INDONESIA                ,2,"slyly express asymptotes. regular deposits haggle slyly. carefully ironic hockey players sleep blithely. carefull",
10,IRAN                     ,4,"efully alongside of the slyly final dependencies. ",
11,IRAQ                     ,4,"nic deposits boost atop the quickly final requests? quickly regula",
12,JAPAN                    ,2,"ously. final, express gifts cajole a",
13,JORDAN                   ,4,"ic deposits are blithely about the carefully regular pa",
14,KENYA                    ,0,"pending excuses haggle furiously deposits. pending, express pinto beans wake fluffily past t",
15,MOROCCO                  ,0,"rns. blithely bold courts among the closely regular packages use furiously bold platelets?",
16,MOZAMBIQUE               ,0,"s. ironic, unusual asymptotes wake blithely r",
17,PERU                     ,1,"platelets. blithely pending dependencies use fluffily across the even pinto beans. carefully silent accoun",
18,CHINA                    ,2,"c dependencies. furiously express notornis sleep slyly regular accounts. ideas sleep. depos",
19,ROMANIA                  ,3,"ular asymptotes are about the furious multipliers. express dependencies nag above the ironically ironic account",
20,SAUDI ARABIA             ,4,"ts. silent requests haggle. closely express packages sleep across the blithely",
21,VIETNAM                  ,2,"hely enticingly express accounts. even, final ",
22,RUSSIA                   ,3,"requests against the platelets use never according to the quickly regular pint",
23,UNITED KINGDOM           ,3,"eans boost carefully special requests. accounts are. carefull",
24,UNITED STATES            ,1,"y final packages. slow foxes cajole quickly. quickly silent platelets breach ironic accounts. unusual pinto be",
</DataValue>
            <Details>Data retrieved from table "NATION" at Mon Mar 16 14:14:44 GMT-00:00 2020</Details>
        </Data>
        <Scaleable>false</Scaleable>
        <ScaleRatio>1.0</ScaleRatio>
        <ScaleFormula></ScaleFormula>
        <Dimension>true</Dimension>
    </Table>
    <Table RowCount="4">
        <TableName>LINEITEM</TableName>
        <Columns>
            <Column>
                <ColumnName>L_ORDERKEY</ColumnName>
                <DataType>NUMBER</DataType>
                <PrimaryKey>true</PrimaryKey>
                <NullsAllowed>false</NullsAllowed>
                <Size>0</Size>
                <PopulateWith>
                    <DataGenerator>
                        <NumberGenerator>
                            <id>L_ORDERKEYDG</id>
                            <Start>1</Start>
                            <End>999999999999999999</End>
                            <OrderedSequence>false</OrderedSequence>
                            <SequenceName>MySequence</SequenceName>
                            <PercentageNull>0</PercentageNull>
                            <FormatMask></FormatMask>
                            <LocalSequence>false</LocalSequence>
                            <ReferenceTableName>ORDERS</ReferenceTableName>
                            <Multiplier>1</Multiplier>
                            <NormalDistribution>false</NormalDistribution>
                        </NumberGenerator>
                    </DataGenerator>
                </PopulateWith>
            </Column>
            <Column>
                <ColumnName>L_PARTKEY</ColumnName>
                <DataType>NUMBER</DataType>
                <PrimaryKey>false</PrimaryKey>
                <NullsAllowed>false</NullsAllowed>
                <Size DecimalPlaces="2">0</Size>
                <PopulateWith>
                    <DataGenerator>
                        <NumberGenerator>
                            <id>L_PARTKEYDG</id>
                            <Start>1</Start>
                            <End>1000</End>
                            <OrderedSequence>false</OrderedSequence>
                            <PercentageNull>0</PercentageNull>
                            <FormatMask></FormatMask>
                            <LocalSequence>false</LocalSequence>
                            <ReferenceTableName>PART</ReferenceTableName>
                            <Multiplier>1</Multiplier>
                            <NormalDistribution>false</NormalDistribution>
                        </NumberGenerator>
                    </DataGenerator>
                </PopulateWith>
            </Column>
            <Column>
                <ColumnName>L_SUPPKEY</ColumnName>
                <DataType>NUMBER</DataType>
                <PrimaryKey>false</PrimaryKey>
                <NullsAllowed>false</NullsAllowed>
                <Size>0</Size>
                <PopulateWith>
                    <DataGenerator>
                        <NumberGenerator>
                            <id>L_SUPPKEYDG</id>
                            <Start>1</Start>
                            <End>1000</End>
                            <OrderedSequence>false</OrderedSequence>
                            <PercentageNull>0</PercentageNull>
                            <FormatMask></FormatMask>
                            <LocalSequence>false</LocalSequence>
                            <ReferenceTableName>SUPPLIER</ReferenceTableName>
                            <Multiplier>1</Multiplier>
                            <NormalDistribution>false</NormalDistribution>
                        </NumberGenerator>
                    </DataGenerator>
                </PopulateWith>
            </Column>
            <Column>
                <ColumnName>L_LINENUMBER</ColumnName>
                <DataType>NUMBER</DataType>
                <PrimaryKey>true</PrimaryKey>
                <NullsAllowed>false</NullsAllowed>
                <Size>0</Size>
                <PopulateWith>
                    <DataGenerator>
                        <NumberGenerator>
                            <id>L_LINENUMBERDG</id>
                            <Start>1</Start>
                            <End>7</End>
                            <OrderedSequence>false</OrderedSequence>
                            <SequenceName>MySequence</SequenceName>
                            <PercentageNull>0</PercentageNull>
                            <LocalSequence>false</LocalSequence>
                            <NormalDistribution>false</NormalDistribution>
                        </NumberGenerator>
                    </DataGenerator>
                </PopulateWith>
            </Column>
            <Column>
                <ColumnName>L_QUANTITY</ColumnName>
                <DataType>NUMBER</DataType>
                <NullsAllowed>false</NullsAllowed>
                <Size>15</Size>
                <PopulateWith>
                    <DataGenerator>
                        <NumberGenerator>
                            <id>L_QUANTITYDG</id>
                            <Start>2</Start>
                            <End>100</End>
                            <OrderedSequence>false</OrderedSequence>
                            <PercentageNull>0</PercentageNull>
                            <LocalSequence>false</LocalSequence>
                            <NormalDistribution>false</NormalDistribution>
                        </NumberGenerator>
                    </DataGenerator>
                </PopulateWith>
            </Column>
            <Column>
                <ColumnName>L_EXTENDEDPRICE</ColumnName>
                <DataType>NUMBER</DataType>
                <NullsAllowed>false</NullsAllowed>
                <Size>15</Size>
                <PopulateWith>
                    <DataGenerator>
                        <FloatGenerator>
                            <id>DG23</id>
                            <Start>100000.0</Start>
                            <End>200000.0</End>
                            <Exponent>0</Exponent>
                            <Precision>2</Precision>
                            <PercentageNull>0</PercentageNull>
                        </FloatGenerator>
                    </DataGenerator>
                </PopulateWith>
            </Column>
            <Column>
                <ColumnName>L_DISCOUNT</ColumnName>
                <DataType>NUMBER</DataType>
                <NullsAllowed>false</NullsAllowed>
                <Size>15</Size>
                <PopulateWith>
                    <DataGenerator>
                        <FloatGenerator>
                            <id>DG24</id>
                            <Start>0.0</Start>
                            <End>0.09</End>
                            <Exponent>0</Exponent>
                            <Precision>3</Precision>
                            <PercentageNull>0</PercentageNull>
                        </FloatGenerator>
                    </DataGenerator>
                </PopulateWith>
            </Column>
            <Column>
                <ColumnName>L_TAX</ColumnName>
                <DataType>NUMBER</DataType>
                <NullsAllowed>false</NullsAllowed>
                <Size>15</Size>
                <PopulateWith>
                    <DataGenerator>
                        <FloatGenerator>
                            <id>DG25</id>
                            <Start>0.0</Start>
                            <End>0.0</End>
                            <Exponent>0</Exponent>
                            <Precision>2</Precision>
                            <PercentageNull>0</PercentageNull>
                        </FloatGenerator>
                    </DataGenerator>
                </PopulateWith>
            </Column>
            <Column>
                <ColumnName>L_RETURNFLAG</ColumnName>
                <DataType>CHAR</DataType>
                <PrimaryKey>false</PrimaryKey>
                <NullsAllowed>false</NullsAllowed>
                <Size DecimalPlaces="2">1</Size>
                <PopulateWith>
                    <DataGenerator>
                        <EnumerationGenerator>
                            <id>DG27</id>
                            <EnumerationValues>R,A,N</EnumerationValues>
                            <MinimumRepetitions>1</MinimumRepetitions>
                            <MaximumRepetitions>1</MaximumRepetitions>
                            <PercentageNull>0</PercentageNull>
                            <NormalDistribution>false</NormalDistribution>
                        </EnumerationGenerator>
                    </DataGenerator>
                </PopulateWith>
            </Column>
            <Column>
                <ColumnName>L_LINESTATUS</ColumnName>
                <DataType>CHAR</DataType>
                <NullsAllowed>false</NullsAllowed>
                <Size>1</Size>
                <PopulateWith>
                    <DataGenerator>
                        <EnumerationGenerator>
                            <id>DG28</id>
                            <EnumerationValues>O,N</EnumerationValues>
                            <MinimumRepetitions>1</MinimumRepetitions>
                            <MaximumRepetitions>1</MaximumRepetitions>
                            <PercentageNull>0</PercentageNull>
                            <NormalDistribution>false</NormalDistribution>
                        </EnumerationGenerator>
                    </DataGenerator>
                </PopulateWith>
            </Column>
            <Column>
                <ColumnName>L_SHIPDATE</ColumnName>
                <DataType>DATE</DataType>
                <NullsAllowed>false</NullsAllowed>
                <PopulateWith>
                    <DataGenerator>
                        <DateGenerator>
                            <id>L_SHIPDATEDG</id>
                            <Start>1992-01-01T00:00:00.000Z</Start>
                            <End>1998-08-08T00:00:00.000Z</End>
                            <RoundUpDay>false</RoundUpDay>
                            <RoundUpHour>false</RoundUpHour>
                            <AddToResult>0</AddToResult>
                            <PercentageNull>0</PercentageNull>
                        </DateGenerator>
                    </DataGenerator>
                </PopulateWith>
            </Column>
            <Column>
                <ColumnName>L_COMMITDATE</ColumnName>
                <DataType>DATE</DataType>
                <PrimaryKey>false</PrimaryKey>
                <NullsAllowed>false</NullsAllowed>
                <PopulateWith>
                    <DataGenerator>
                        <DateGenerator>
                            <id>L_COMMITDATEDG</id>
                            <Start>1992-01-01T00:00:00.000Z</Start>
                            <End>1994-08-08T00:00:00.000Z</End>
                            <RoundUpDay>false</RoundUpDay>
                            <RoundUpHour>false</RoundUpHour>
                            <AddToResult>0</AddToResult>
                            <PercentageNull>0</PercentageNull>
                        </DateGenerator>
                    </DataGenerator>
                </PopulateWith>
            </Column>
            <Column>
                <ColumnName>L_RECEIPTDATE</ColumnName>
                <DataType>DATE</DataType>
                <PrimaryKey>false</PrimaryKey>
                <NullsAllowed>false</NullsAllowed>
                <Size>25</Size>
                <PopulateWith>
                    <DataGenerator>
                        <DateGenerator>
                            <id>DG31</id>
                            <Start>1992-01-01T00:00:00.000Z</Start>
                            <End>1998-08-08T00:00:00.000Z</End>
                            <RoundUpDay>true</RoundUpDay>
                            <RoundUpHour>true</RoundUpHour>
                            <AddToResult>0</AddToResult>
                            <PercentageNull>0</PercentageNull>
                        </DateGenerator>
                    </DataGenerator>
                </PopulateWith>
            </Column>
            <Column>
                <ColumnName>L_SHIPINSTRUCT</ColumnName>
                <DataType>CHAR</DataType>
                <PrimaryKey>false</PrimaryKey>
                <NullsAllowed>false</NullsAllowed>
                <Size>25</Size>
                <PopulateWith>
                    <DataGenerator>
                        <EnumerationGenerator>
                            <id>DG32</id>
                            <EnumerationValues>DELIVER IN PERSON,COLLECT COD,NONE,TAKE BACK RETURN</EnumerationValues>
                            <MinimumRepetitions>1</MinimumRepetitions>
                            <MaximumRepetitions>1</MaximumRepetitions>
                            <PercentageNull>0</PercentageNull>
                            <NormalDistribution>false</NormalDistribution>
                        </EnumerationGenerator>
                    </DataGenerator>
                </PopulateWith>
            </Column>
            <Column>
                <ColumnName>L_SHIPMODE</ColumnName>
                <DataType>CHAR</DataType>
                <PrimaryKey>false</PrimaryKey>
                <NullsAllowed>false</NullsAllowed>
                <Size>10</Size>
                <PopulateWith>
                    <DataGenerator>
                        <EnumerationGenerator>
                            <id>DG33</id>
                            <EnumerationValues>REG AIR,AIR,RAIL,SHIP,TRUCK,MAIL,FOB</EnumerationValues>
                            <MinimumRepetitions>1</MinimumRepetitions>
                            <MaximumRepetitions>1</MaximumRepetitions>
                            <PercentageNull>0</PercentageNull>
                            <NormalDistribution>false</NormalDistribution>
                        </EnumerationGenerator>
                    </DataGenerator>
                </PopulateWith>
            </Column>
            <Column>
                <ColumnName>L_COMMENT</ColumnName>
                <DataType>VARCHAR2</DataType>
                <PrimaryKey>false</PrimaryKey>
                <NullsAllowed>false</NullsAllowed>
                <Size>44</Size>
                <PopulateWith>
                    <DataGenerator>
                        <CharacterGenerator>
                            <id>L_COMMENTDG</id>
                            <CharacterClass>Alpha Numeric</CharacterClass>
                            <MinimumSize>10</MinimumSize>
                            <MaximumSize>43</MaximumSize>
                            <PercentageNull>0</PercentageNull>
                        </CharacterGenerator>
                    </DataGenerator>
                </PopulateWith>
            </Column>
        </Columns>
        <ParentChildRelationship>
            <ParentTable>ORDERS</ParentTable>
            <ParentColumn>O_ORDERKEY</ParentColumn>
            <ChildColumn>L_ORDERKEY</ChildColumn>
            <MinChildParentCount>4</MinChildParentCount>
            <MaxChildParentCount>4</MaxChildParentCount>
        </ParentChildRelationship>
        <Partition>
            <PartitionKey>L_ORDERKEY</PartitionKey>
            <NumberOfPartitions>1</NumberOfPartitions>
        </Partition>
        <Scaleable>true</Scaleable>
        <ScaleRatio>1.0</ScaleRatio>
        <ScaleFormula>4*x</ScaleFormula>
        <Dimension>false</Dimension>
    </Table>
    <Table RowCount="1500000">
        <TableName>ORDERS</TableName>
        <Columns>
            <Column>
                <ColumnName>O_ORDERKEY</ColumnName>
                <DataType>NUMBER</DataType>
                <PrimaryKey>true</PrimaryKey>
                <NullsAllowed>false</NullsAllowed>
                <Size>0</Size>
                <PopulateWith>
                    <DataGenerator>
                        <NumberGenerator>
                            <id>O_ORDERKEYDG</id>
                            <Start>1</Start>
                            <End>999999999999999999</End>
                            <OrderedSequence>true</OrderedSequence>
                            <SequenceName>ORDER_SEQ</SequenceName>
                            <PercentageNull>0</PercentageNull>
                            <FormatMask></FormatMask>
                            <LocalSequence>false</LocalSequence>
                            <NormalDistribution>false</NormalDistribution>
                        </NumberGenerator>
                    </DataGenerator>
                </PopulateWith>
            </Column>
            <Column>
                <ColumnName>O_CUSTKEY</ColumnName>
                <DataType>NUMBER</DataType>
                <PrimaryKey>false</PrimaryKey>
                <NullsAllowed>false</NullsAllowed>
                <Size>0</Size>
                <PopulateWith>
                    <DataGenerator>
                        <NumberGenerator>
                            <id>O_CUSTKEYDG</id>
                            <Start>0</Start>
                            <End>999999999999999999</End>
                            <OrderedSequence>false</OrderedSequence>
                            <PercentageNull>0</PercentageNull>
                            <FormatMask></FormatMask>
                            <LocalSequence>false</LocalSequence>
                            <ReferenceTableName>CUSTOMER</ReferenceTableName>
                            <Multiplier>1</Multiplier>
                            <NormalDistribution>false</NormalDistribution>
                        </NumberGenerator>
                    </DataGenerator>
                </PopulateWith>
            </Column>
            <Column>
                <ColumnName>O_ORDERSTATUS</ColumnName>
                <DataType>CHAR</DataType>
                <PrimaryKey>false</PrimaryKey>
                <NullsAllowed>false</NullsAllowed>
                <Size DecimalPlaces="2">1</Size>
                <PopulateWith>
                    <DataGenerator>
                        <EnumerationGenerator>
                            <id>DG1</id>
                            <EnumerationValues>O,F,P</EnumerationValues>
                            <MinimumRepetitions>1</MinimumRepetitions>
                            <MaximumRepetitions>1</MaximumRepetitions>
                            <PercentageNull>0</PercentageNull>
                            <NormalDistribution>false</NormalDistribution>
                        </EnumerationGenerator>
                    </DataGenerator>
                </PopulateWith>
            </Column>
            <Column>
                <ColumnName>O_TOTALPRICE</ColumnName>
                <DataType>NUMBER</DataType>
                <PrimaryKey>false</PrimaryKey>
                <NullsAllowed>false</NullsAllowed>
                <Size DecimalPlaces="2">1</Size>
                <PopulateWith>
                    <DataGenerator>
                        <FloatGenerator>
                            <id>DG2</id>
                            <Start>1.0</Start>
                            <End>100000.0</End>
                            <Exponent>1</Exponent>
                            <Precision>2</Precision>
                            <PercentageNull>0</PercentageNull>
                        </FloatGenerator>
                    </DataGenerator>
                </PopulateWith>
            </Column>
            <Column>
                <ColumnName>O_ORDERDATE</ColumnName>
                <DataType>DATE</DataType>
                <PrimaryKey>false</PrimaryKey>
                <NullsAllowed>false</NullsAllowed>
                <Size DecimalPlaces="2">1</Size>
                <PopulateWith>
                    <DataGenerator>
                        <DateGenerator>
                            <id>O_ORDERDATEDG</id>
                            <Start>1992-01-01T00:00:00.000Z</Start>
                            <End>1995-06-17T00:00:00.000Z</End>
                            <RoundUpDay>true</RoundUpDay>
                            <RoundUpHour>false</RoundUpHour>
                            <AddToResult>0</AddToResult>
                            <PercentageNull>0</PercentageNull>
                        </DateGenerator>
                    </DataGenerator>
                </PopulateWith>
            </Column>
            <Column>
                <ColumnName>O_ORDERPRIORITY</ColumnName>
                <DataType>CHAR</DataType>
                <PrimaryKey>false</PrimaryKey>
                <NullsAllowed>false</NullsAllowed>
                <Size>15</Size>
                <PopulateWith>
                    <DataGenerator>
                        <EnumerationGenerator>
                            <id>DG3</id>
                            <EnumerationValues>1-URGENT,2-HIGH,3-MEDIUM,4-NOT SPECIFIED,5-LOW</EnumerationValues>
                            <MinimumRepetitions>1</MinimumRepetitions>
                            <MaximumRepetitions>1</MaximumRepetitions>
                            <PercentageNull>0</PercentageNull>
                            <NormalDistribution>false</NormalDistribution>
                        </EnumerationGenerator>
                    </DataGenerator>
                </PopulateWith>
            </Column>
            <Column>
                <ColumnName>O_CLERK</ColumnName>
                <DataType>CHAR</DataType>
                <PrimaryKey>false</PrimaryKey>
                <NullsAllowed>false</NullsAllowed>
                <Size DecimalPlaces="2">15</Size>
                <PopulateWith>
                    <DataGenerator>
                        <EnumerationGenerator>
                            <id>DG4</id>
                            <EnumerationValues>Clerk#000000000</EnumerationValues>
                            <MinimumRepetitions>1</MinimumRepetitions>
                            <MaximumRepetitions>1</MaximumRepetitions>
                            <PercentageNull>0</PercentageNull>
                            <NormalDistribution>false</NormalDistribution>
                        </EnumerationGenerator>
                    </DataGenerator>
                </PopulateWith>
            </Column>
            <Column>
                <ColumnName>O_SHIPPRIORITY</ColumnName>
                <DataType>NUMBER</DataType>
                <PrimaryKey>false</PrimaryKey>
                <NullsAllowed>false</NullsAllowed>
                <Size DecimalPlaces="2">0</Size>
                <PopulateWith>
                    <DataGenerator>
                        <NumberGenerator>
                            <id>DG6</id>
                            <Start>1</Start>
                            <End>0</End>
                            <OrderedSequence>false</OrderedSequence>
                            <PercentageNull>0</PercentageNull>
                            <LocalSequence>false</LocalSequence>
                            <NormalDistribution>false</NormalDistribution>
                        </NumberGenerator>
                    </DataGenerator>
                </PopulateWith>
            </Column>
            <Column>
                <ColumnName>O_COMMENT</ColumnName>
                <DataType>VARCHAR2</DataType>
                <PrimaryKey>false</PrimaryKey>
                <NullsAllowed>false</NullsAllowed>
                <Size DecimalPlaces="2">79</Size>
                <PopulateWith>
                    <DataGenerator>
                        <CharacterGenerator>
                            <id>O_COMMENTDG</id>
                            <CharacterClass>Lowercase Alpha With Whitespace</CharacterClass>
                            <MinimumSize>1</MinimumSize>
                            <MaximumSize>79</MaximumSize>
                            <PercentageNull>0</PercentageNull>
                        </CharacterGenerator>
                    </DataGenerator>
                </PopulateWith>
            </Column>
        </Columns>
        <Partition>
            <PartitionKey>O_ORDERKEY</PartitionKey>
            <NumberOfPartitions>1</NumberOfPartitions>
        </Partition>
        <Scaleable>true</Scaleable>
        <ScaleRatio>1.0</ScaleRatio>
        <ScaleFormula></ScaleFormula>
        <Dimension>false</Dimension>
    </Table>
    <Table RowCount="150000">
        <TableName>CUSTOMER</TableName>
        <Columns>
            <Column>
                <ColumnName>C_CUSTKEY</ColumnName>
                <DataType>NUMBER</DataType>
                <PrimaryKey>true</PrimaryKey>
                <NullsAllowed>false</NullsAllowed>
                <Size>0</Size>
                <PopulateWith>
                    <DataGenerator>
                        <NumberGenerator>
                            <id>C_CUSTKEYDG</id>
                            <Start>1</Start>
                            <End>999999999999999999</End>
                            <OrderedSequence>true</OrderedSequence>
                            <SequenceName>CUSTOMER_SEQ</SequenceName>
                            <PercentageNull>0</PercentageNull>
                            <FormatMask></FormatMask>
                            <LocalSequence>false</LocalSequence>
                            <NormalDistribution>false</NormalDistribution>
                        </NumberGenerator>
                    </DataGenerator>
                </PopulateWith>
            </Column>
            <Column>
                <ColumnName>C_NAME</ColumnName>
                <DataType>VARCHAR2</DataType>
                <PrimaryKey>false</PrimaryKey>
                <NullsAllowed>false</NullsAllowed>
                <Size>25</Size>
                <PopulateWith>
                    <DataGenerator>
                        <CharacterGenerator>
                            <id>C_NAMEDG</id>
                            <CharacterClass>Alpha Numeric</CharacterClass>
                            <MinimumSize>1</MinimumSize>
                            <MaximumSize>25</MaximumSize>
                        </CharacterGenerator>
                    </DataGenerator>
                </PopulateWith>
            </Column>
            <Column>
                <ColumnName>C_ADDRESS</ColumnName>
                <DataType>VARCHAR2</DataType>
                <NullsAllowed>false</NullsAllowed>
                <Size>40</Size>
                <PopulateWith>
                    <DataGenerator>
                        <CharacterGenerator>
                            <id>C_ADDRESSDG</id>
                            <CharacterClass>Alpha Numeric</CharacterClass>
                            <MinimumSize>1</MinimumSize>
                            <MaximumSize>40</MaximumSize>
                        </CharacterGenerator>
                    </DataGenerator>
                </PopulateWith>
            </Column>
            <Column>
                <ColumnName>C_NATIONKEY</ColumnName>
                <DataType>NUMBER</DataType>
                <NullsAllowed>false</NullsAllowed>
                <Size>0</Size>
                <PopulateWith>
                    <DataGenerator>
                        <NumberGenerator>
                            <id>C_NATIONKEYDG</id>
                            <Start>0</Start>
                            <End>999999999999999999</End>
                            <OrderedSequence>false</OrderedSequence>
                            <PercentageNull>0</PercentageNull>
                            <FormatMask></FormatMask>
                            <LocalSequence>false</LocalSequence>
                            <ReferenceTableName>NATION</ReferenceTableName>
                            <Multiplier>1</Multiplier>
                            <NormalDistribution>false</NormalDistribution>
                        </NumberGenerator>
                    </DataGenerator>
                </PopulateWith>
            </Column>
            <Column>
                <ColumnName>C_PHONE</ColumnName>
                <DataType>CHAR</DataType>
                <NullsAllowed>false</NullsAllowed>
                <Size>15</Size>
                <PopulateWith>
                    <DataGenerator>
                        <CharacterGenerator>
                            <id>C_PHONEDG</id>
                            <CharacterClass>Alpha Numeric</CharacterClass>
                            <MinimumSize>1</MinimumSize>
                            <MaximumSize>15</MaximumSize>
                        </CharacterGenerator>
                    </DataGenerator>
                </PopulateWith>
            </Column>
            <Column>
                <ColumnName>C_ACCTBAL</ColumnName>
                <DataType>NUMBER</DataType>
                <NullsAllowed>false</NullsAllowed>
                <Size>15</Size>
                <PopulateWith>
                    <DataGenerator>
                        <NumberGenerator>
                            <id>C_ACCTBALDG</id>
                            <Start>0</Start>
                            <End>9999999999</End>
                        </NumberGenerator>
                    </DataGenerator>
                </PopulateWith>
            </Column>
            <Column>
                <ColumnName>C_MKTSEGMENT</ColumnName>
                <DataType>CHAR</DataType>
                <PrimaryKey>false</PrimaryKey>
                <NullsAllowed>false</NullsAllowed>
                <Size>10</Size>
                <PopulateWith>
                    <DataGenerator>
                        <EnumerationGenerator>
                            <id>DG1</id>
                            <EnumerationValues>AUTOMOBILE,BUILDING,FURNITURE,MACHINERY,HOUSEHOLD</EnumerationValues>
                            <MinimumRepetitions>1</MinimumRepetitions>
                            <MaximumRepetitions>1</MaximumRepetitions>
                            <PercentageNull>0</PercentageNull>
                            <NormalDistribution>false</NormalDistribution>
                        </EnumerationGenerator>
                    </DataGenerator>
                </PopulateWith>
            </Column>
            <Column>
                <ColumnName>C_COMMENT</ColumnName>
                <DataType>VARCHAR2</DataType>
                <NullsAllowed>false</NullsAllowed>
                <Size>117</Size>
                <PopulateWith>
                    <DataGenerator>
                        <CharacterGenerator>
                            <id>C_COMMENTDG</id>
                            <CharacterClass>Alpha Numeric</CharacterClass>
                            <MinimumSize>1</MinimumSize>
                            <MaximumSize>117</MaximumSize>
                        </CharacterGenerator>
                    </DataGenerator>
                </PopulateWith>
            </Column>
        </Columns>
        <Partition>
            <PartitionKey>C_CUSTKEY</PartitionKey>
            <NumberOfPartitions>1</NumberOfPartitions>
        </Partition>
        <Scaleable>true</Scaleable>
        <ScaleRatio>1.0</ScaleRatio>
        <ScaleFormula></ScaleFormula>
        <Dimension>true</Dimension>
    </Table>
    <Table RowCount="5">
        <TableName>REGION</TableName>
        <Columns>
            <Column>
                <ColumnName>R_REGIONKEY</ColumnName>
                <DataType>NUMBER</DataType>
                <PrimaryKey>true</PrimaryKey>
                <NullsAllowed>false</NullsAllowed>
                <Size>0</Size>
                <PopulateWith>
                    <DataGenerator>
                        <NumberGenerator>
                            <id>R_REGIONKEYDG</id>
                            <Start>0</Start>
                            <End>999999999999999999</End>
                            <OrderedSequence>true</OrderedSequence>
                        </NumberGenerator>
                    </DataGenerator>
                </PopulateWith>
            </Column>
            <Column>
                <ColumnName>R_NAME</ColumnName>
                <DataType>CHAR</DataType>
                <NullsAllowed>false</NullsAllowed>
                <Size>25</Size>
                <PopulateWith>
                    <DataGenerator>
                        <CharacterGenerator>
                            <id>R_NAMEDG</id>
                            <CharacterClass>Alpha Numeric</CharacterClass>
                            <MinimumSize>1</MinimumSize>
                            <MaximumSize>25</MaximumSize>
                        </CharacterGenerator>
                    </DataGenerator>
                </PopulateWith>
            </Column>
            <Column>
                <ColumnName>R_COMMENT</ColumnName>
                <DataType>VARCHAR2</DataType>
                <NullsAllowed>true</NullsAllowed>
                <Size>152</Size>
                <PopulateWith>
                    <DataGenerator>
                        <CharacterGenerator>
                            <id>R_COMMENTDG</id>
                            <CharacterClass>Alpha Numeric</CharacterClass>
                            <MinimumSize>1</MinimumSize>
                            <MaximumSize>152</MaximumSize>
                        </CharacterGenerator>
                    </DataGenerator>
                </PopulateWith>
            </Column>
        </Columns>
        <Data>
            <DataValue>0,AFRICA                   ,"lar deposits. blithely final packages cajole. regular waters are final requests. regular accounts are according to ",
1,AMERICA                  ,"hs use ironic, even requests. s",
2,ASIA                     ,"ges. thinly even pinto beans ca",
3,EUROPE                   ,"ly final courts cajole furiously final excuse",
4,MIDDLE EAST              ,"uickly special accounts cajole carefully blithely close requests. carefully final asymptotes haggle furiousl",
</DataValue>
            <Details>Data retrieved from table "REGION" at Mon Mar 16 14:14:55 GMT-00:00 2020</Details>
        </Data>
        <Scaleable>false</Scaleable>
        <ScaleRatio>1.0</ScaleRatio>
        <ScaleFormula></ScaleFormula>
        <Dimension>true</Dimension>
    </Table>
    <Table RowCount="200000">
        <TableName>PART</TableName>
        <Columns>
            <Column>
                <ColumnName>P_PARTKEY</ColumnName>
                <DataType>NUMBER</DataType>
                <PrimaryKey>true</PrimaryKey>
                <NullsAllowed>false</NullsAllowed>
                <Size>0</Size>
                <PopulateWith>
                    <DataGenerator>
                        <NumberGenerator>
                            <id>P_PARTKEYDG</id>
                            <Start>0</Start>
                            <End>999999999999999999</End>
                            <OrderedSequence>true</OrderedSequence>
                            <SequenceName>PART_SEQUENCE</SequenceName>
                            <PercentageNull>0</PercentageNull>
                            <FormatMask></FormatMask>
                            <LocalSequence>false</LocalSequence>
                            <NormalDistribution>false</NormalDistribution>
                        </NumberGenerator>
                    </DataGenerator>
                </PopulateWith>
            </Column>
            <Column>
                <ColumnName>P_NAME</ColumnName>
                <DataType>VARCHAR2</DataType>
                <PrimaryKey>false</PrimaryKey>
                <NullsAllowed>false</NullsAllowed>
                <Size DecimalPlaces="2">55</Size>
                <PopulateWith>
                    <DataGenerator>
                        <EnumerationGenerator>
                            <id>DG15</id>
                            <EnumerationValues>almond,antique,aquamarine,azure,beige,bisque,black,blanched,blue,blush,brown,burlywood,burnished,chartreuse,chiffon,chocolate,coral,cornflower,cornsilk,cream,cyan,dark,deep,dim,dodger,drab,firebrick,floral,forest,frosted,gainsboro,ghost,goldenrod,green,grey,honeydew,hot,indian,ivory,khaki,lace,lavender,lawn,lemon,light,lime,linen,magenta,maroon,medium,metallic,midnight,mint,misty,moccasin,navajo,navy,olive,orange,orchid,pale,papaya,peach,peru,pink,plum,powder,puff,purple,red,rose,rosy,royal,saddle,salmon,sandy,seashell,sienna,sky,slate,smoke,snow,spring,steel,tan,thistle,tomato,turquoise,violet,wheat,white,yellow</EnumerationValues>
                            <MinimumRepetitions>1</MinimumRepetitions>
                            <MaximumRepetitions>1</MaximumRepetitions>
                            <PercentageNull>0</PercentageNull>
                            <postfix> </postfix>
                            <NormalDistribution>false</NormalDistribution>
                        </EnumerationGenerator>
                    </DataGenerator>
                    <DataGenerator>
                        <EnumerationGenerator>
                            <id>DG15</id>
                            <EnumerationValues>almond,antique,aquamarine,azure,beige,bisque,black,blanched,blue,blush,brown,burlywood,burnished,chartreuse,chiffon,chocolate,coral,cornflower,cornsilk,cream,cyan,dark,deep,dim,dodger,drab,firebrick,floral,forest,frosted,gainsboro,ghost,goldenrod,green,grey,honeydew,hot,indian,ivory,khaki,lace,lavender,lawn,lemon,light,lime,linen,magenta,maroon,medium,metallic,midnight,mint,misty,moccasin,navajo,navy,olive,orange,orchid,pale,papaya,peach,peru,pink,plum,powder,puff,purple,red,rose,rosy,royal,saddle,salmon,sandy,seashell,sienna,sky,slate,smoke,snow,spring,steel,tan,thistle,tomato,turquoise,violet,wheat,white,yellow</EnumerationValues>
                            <MinimumRepetitions>1</MinimumRepetitions>
                            <MaximumRepetitions>1</MaximumRepetitions>
                            <PercentageNull>0</PercentageNull>
                            <postfix> </postfix>
                            <NormalDistribution>false</NormalDistribution>
                        </EnumerationGenerator>
                    </DataGenerator>
                    <DataGenerator>
                        <EnumerationGenerator>
                            <id>DG15</id>
                            <EnumerationValues>almond,antique,aquamarine,azure,beige,bisque,black,blanched,blue,blush,brown,burlywood,burnished,chartreuse,chiffon,chocolate,coral,cornflower,cornsilk,cream,cyan,dark,deep,dim,dodger,drab,firebrick,floral,forest,frosted,gainsboro,ghost,goldenrod,green,grey,honeydew,hot,indian,ivory,khaki,lace,lavender,lawn,lemon,light,lime,linen,magenta,maroon,medium,metallic,midnight,mint,misty,moccasin,navajo,navy,olive,orange,orchid,pale,papaya,peach,peru,pink,plum,powder,puff,purple,red,rose,rosy,royal,saddle,salmon,sandy,seashell,sienna,sky,slate,smoke,snow,spring,steel,tan,thistle,tomato,turquoise,violet,wheat,white,yellow</EnumerationValues>
                            <MinimumRepetitions>1</MinimumRepetitions>
                            <MaximumRepetitions>1</MaximumRepetitions>
                            <PercentageNull>0</PercentageNull>
                            <postfix> </postfix>
                            <NormalDistribution>false</NormalDistribution>
                        </EnumerationGenerator>
                    </DataGenerator>
                    <DataGenerator>
                        <EnumerationGenerator>
                            <id>DG15</id>
                            <EnumerationValues>almond,antique,aquamarine,azure,beige,bisque,black,blanched,blue,blush,brown,burlywood,burnished,chartreuse,chiffon,chocolate,coral,cornflower,cornsilk,cream,cyan,dark,deep,dim,dodger,drab,firebrick,floral,forest,frosted,gainsboro,ghost,goldenrod,green,grey,honeydew,hot,indian,ivory,khaki,lace,lavender,lawn,lemon,light,lime,linen,magenta,maroon,medium,metallic,midnight,mint,misty,moccasin,navajo,navy,olive,orange,orchid,pale,papaya,peach,peru,pink,plum,powder,puff,purple,red,rose,rosy,royal,saddle,salmon,sandy,seashell,sienna,sky,slate,smoke,snow,spring,steel,tan,thistle,tomato,turquoise,violet,wheat,white,yellow</EnumerationValues>
                            <MinimumRepetitions>1</MinimumRepetitions>
                            <MaximumRepetitions>1</MaximumRepetitions>
                            <PercentageNull>0</PercentageNull>
                            <postfix> </postfix>
                            <NormalDistribution>false</NormalDistribution>
                        </EnumerationGenerator>
                    </DataGenerator>
                    <DataGenerator>
                        <EnumerationGenerator>
                            <id>DG15</id>
                            <EnumerationValues>almond,antique,aquamarine,azure,beige,bisque,black,blanched,blue,blush,brown,burlywood,burnished,chartreuse,chiffon,chocolate,coral,cornflower,cornsilk,cream,cyan,dark,deep,dim,dodger,drab,firebrick,floral,forest,frosted,gainsboro,ghost,goldenrod,green,grey,honeydew,hot,indian,ivory,khaki,lace,lavender,lawn,lemon,light,lime,linen,magenta,maroon,medium,metallic,midnight,mint,misty,moccasin,navajo,navy,olive,orange,orchid,pale,papaya,peach,peru,pink,plum,powder,puff,purple,red,rose,rosy,royal,saddle,salmon,sandy,seashell,sienna,sky,slate,smoke,snow,spring,steel,tan,thistle,tomato,turquoise,violet,wheat,white,yellow</EnumerationValues>
                            <MinimumRepetitions>1</MinimumRepetitions>
                            <MaximumRepetitions>1</MaximumRepetitions>
                            <PercentageNull>0</PercentageNull>
                            <NormalDistribution>false</NormalDistribution>
                        </EnumerationGenerator>
                    </DataGenerator>
                </PopulateWith>
            </Column>
            <Column>
                <ColumnName>P_MFGR</ColumnName>
                <DataType>CHAR</DataType>
                <PrimaryKey>false</PrimaryKey>
                <NullsAllowed>false</NullsAllowed>
                <Size DecimalPlaces="2">25</Size>
                <PopulateWith>
                    <DataGenerator>
                        <NumberGenerator>
                            <id>DG13</id>
                            <Start>1</Start>
                            <End>9</End>
                            <OrderedSequence>false</OrderedSequence>
                            <PercentageNull>0</PercentageNull>
                            <prefix>Manufacturer#</prefix>
                            <LocalSequence>false</LocalSequence>
                            <NormalDistribution>false</NormalDistribution>
                        </NumberGenerator>
                    </DataGenerator>
                </PopulateWith>
            </Column>
            <Column>
                <ColumnName>P_BRAND</ColumnName>
                <DataType>CHAR</DataType>
                <PrimaryKey>false</PrimaryKey>
                <NullsAllowed>false</NullsAllowed>
                <Size DecimalPlaces="2">10</Size>
                <PopulateWith>
                    <DataGenerator>
                        <NumberGenerator>
                            <id>DG14</id>
                            <Start>1</Start>
                            <End>99</End>
                            <OrderedSequence>false</OrderedSequence>
                            <PercentageNull>0</PercentageNull>
                            <prefix>Brand#</prefix>
                            <LocalSequence>false</LocalSequence>
                            <NormalDistribution>false</NormalDistribution>
                        </NumberGenerator>
                    </DataGenerator>
                </PopulateWith>
            </Column>
            <Column>
                <ColumnName>P_TYPE</ColumnName>
                <DataType>VARCHAR2</DataType>
                <PrimaryKey>false</PrimaryKey>
                <NullsAllowed>false</NullsAllowed>
                <Size DecimalPlaces="2">25</Size>
                <PopulateWith>
                    <DataGenerator>
                        <EnumerationGenerator>
                            <id>DG16</id>
                            <EnumerationValues>STANDARD ,SMALL ,MEDIUM ,LARGE ,ECONOMY ,PROMO </EnumerationValues>
                            <MinimumRepetitions>1</MinimumRepetitions>
                            <MaximumRepetitions>1</MaximumRepetitions>
                            <PercentageNull>0</PercentageNull>
                            <NormalDistribution>false</NormalDistribution>
                        </EnumerationGenerator>
                    </DataGenerator>
                    <DataGenerator>
                        <EnumerationGenerator>
                            <id>DG17</id>
                            <EnumerationValues>ANODIZED ,BURNISHED ,PLATED ,POLISHED ,BRUSHED </EnumerationValues>
                            <MinimumRepetitions>1</MinimumRepetitions>
                            <MaximumRepetitions>1</MaximumRepetitions>
                            <PercentageNull>0</PercentageNull>
                            <NormalDistribution>false</NormalDistribution>
                        </EnumerationGenerator>
                    </DataGenerator>
                    <DataGenerator>
                        <EnumerationGenerator>
                            <id>DG18</id>
                            <EnumerationValues>TIN,NICKEL,BRASS,STEEL,COPPER</EnumerationValues>
                            <MinimumRepetitions>1</MinimumRepetitions>
                            <MaximumRepetitions>1</MaximumRepetitions>
                            <PercentageNull>0</PercentageNull>
                            <NormalDistribution>false</NormalDistribution>
                        </EnumerationGenerator>
                    </DataGenerator>
                </PopulateWith>
            </Column>
            <Column>
                <ColumnName>P_SIZE</ColumnName>
                <DataType>NUMBER</DataType>
                <PrimaryKey>false</PrimaryKey>
                <NullsAllowed>false</NullsAllowed>
                <Size DecimalPlaces="2">0</Size>
                <PopulateWith>
                    <DataGenerator>
                        <NumberGenerator>
                            <id>P_SIZEDG</id>
                            <Start>1</Start>
                            <End>50</End>
                            <OrderedSequence>false</OrderedSequence>
                            <PercentageNull>0</PercentageNull>
                            <LocalSequence>false</LocalSequence>
                            <NormalDistribution>false</NormalDistribution>
                        </NumberGenerator>
                    </DataGenerator>
                </PopulateWith>
            </Column>
            <Column>
                <ColumnName>P_CONTAINER</ColumnName>
                <DataType>CHAR</DataType>
                <PrimaryKey>false</PrimaryKey>
                <NullsAllowed>false</NullsAllowed>
                <Size DecimalPlaces="2">10</Size>
                <PopulateWith>
                    <DataGenerator>
                        <EnumerationGenerator>
                            <id>DG19</id>
                            <EnumerationValues>SM ,LG ,MED ,JUMBO ,WRAP </EnumerationValues>
                            <MinimumRepetitions>1</MinimumRepetitions>
                            <MaximumRepetitions>1</MaximumRepetitions>
                            <PercentageNull>0</PercentageNull>
                            <NormalDistribution>false</NormalDistribution>
                        </EnumerationGenerator>
                    </DataGenerator>
                    <DataGenerator>
                        <EnumerationGenerator>
                            <id>DG20</id>
                            <EnumerationValues>CASE,BOX,BAG,JAR,PKG,PACK,CAN,DRUM</EnumerationValues>
                            <MinimumRepetitions>1</MinimumRepetitions>
                            <MaximumRepetitions>1</MaximumRepetitions>
                            <PercentageNull>0</PercentageNull>
                            <NormalDistribution>false</NormalDistribution>
                        </EnumerationGenerator>
                    </DataGenerator>
                </PopulateWith>
            </Column>
            <Column>
                <ColumnName>P_RETAILPRICE</ColumnName>
                <DataType>NUMBER</DataType>
                <PrimaryKey>false</PrimaryKey>
                <NullsAllowed>false</NullsAllowed>
                <Size DecimalPlaces="2">15</Size>
                <PopulateWith>
                    <DataGenerator>
                        <FloatGenerator>
                            <id>DG21</id>
                            <Start>90000.0</Start>
                            <End>120000.0</End>
                            <Exponent>0</Exponent>
                            <Precision>2</Precision>
                            <PercentageNull>0</PercentageNull>
                        </FloatGenerator>
                    </DataGenerator>
                </PopulateWith>
            </Column>
            <Column>
                <ColumnName>P_COMMENT</ColumnName>
                <DataType>VARCHAR2</DataType>
                <PrimaryKey>false</PrimaryKey>
                <NullsAllowed>false</NullsAllowed>
                <Size>23</Size>
                <PopulateWith>
                    <DataGenerator>
                        <CharacterGenerator>
                            <id>P_COMMENTDG</id>
                            <CharacterClass>Alpha Numeric</CharacterClass>
                            <MinimumSize>5</MinimumSize>
                            <MaximumSize>22</MaximumSize>
                            <PercentageNull>0</PercentageNull>
                        </CharacterGenerator>
                    </DataGenerator>
                </PopulateWith>
            </Column>
        </Columns>
        <Partition>
            <PartitionKey>P_PARTKEY</PartitionKey>
            <NumberOfPartitions>1</NumberOfPartitions>
        </Partition>
        <Scaleable>true</Scaleable>
        <ScaleRatio>1.0</ScaleRatio>
        <ScaleFormula></ScaleFormula>
        <Dimension>true</Dimension>
    </Table>
    <Table RowCount="10000">
        <TableName>SUPPLIER</TableName>
        <Columns>
            <Column>
                <ColumnName>S_SUPPKEY</ColumnName>
                <DataType>NUMBER</DataType>
                <PrimaryKey>true</PrimaryKey>
                <NullsAllowed>false</NullsAllowed>
                <Size>0</Size>
                <PopulateWith>
                    <DataGenerator>
                        <NumberGenerator>
                            <id>S_SUPPKEYDG</id>
                            <Start>1</Start>
                            <End>999999999999999999</End>
                            <OrderedSequence>true</OrderedSequence>
                            <SequenceName>SUPPLIER_SEQ</SequenceName>
                            <PercentageNull>0</PercentageNull>
                            <FormatMask></FormatMask>
                            <LocalSequence>false</LocalSequence>
                            <NormalDistribution>false</NormalDistribution>
                        </NumberGenerator>
                    </DataGenerator>
                </PopulateWith>
            </Column>
            <Column>
                <ColumnName>S_NAME</ColumnName>
                <DataType>CHAR</DataType>
                <PrimaryKey>false</PrimaryKey>
                <NullsAllowed>false</NullsAllowed>
                <Size>25</Size>
                <PopulateWith>
                    <DataGenerator>
                        <NumberGenerator>
                            <id>DG12</id>
                            <Start>1</Start>
                            <End>999999999999999999</End>
                            <OrderedSequence>false</OrderedSequence>
                            <PercentageNull>0</PercentageNull>
                            <prefix>Supplier#</prefix>
                            <FormatMask></FormatMask>
                            <LocalSequence>false</LocalSequence>
                            <NormalDistribution>false</NormalDistribution>
                        </NumberGenerator>
                    </DataGenerator>
                </PopulateWith>
            </Column>
            <Column>
                <ColumnName>S_ADDRESS</ColumnName>
                <DataType>VARCHAR2</DataType>
                <PrimaryKey>false</PrimaryKey>
                <NullsAllowed>false</NullsAllowed>
                <Size DecimalPlaces="2">40</Size>
                <PopulateWith>
                    <DataGenerator>
                        <CharacterGenerator>
                            <id>S_ADDRESSDG</id>
                            <CharacterClass>Alpha Numeric With Whitespace</CharacterClass>
                            <MinimumSize>15</MinimumSize>
                            <MaximumSize>40</MaximumSize>
                            <PercentageNull>0</PercentageNull>
                        </CharacterGenerator>
                    </DataGenerator>
                </PopulateWith>
            </Column>
            <Column>
                <ColumnName>S_NATIONKEY</ColumnName>
                <DataType>NUMBER</DataType>
                <PrimaryKey>false</PrimaryKey>
                <NullsAllowed>false</NullsAllowed>
                <Size DecimalPlaces="2">0</Size>
                <PopulateWith>
                    <DataGenerator>
                        <NumberGenerator>
                            <id>S_NATIONKEYDG</id>
                            <Start>1</Start>
                            <End>1000</End>
                            <OrderedSequence>false</OrderedSequence>
                            <PercentageNull>0</PercentageNull>
                            <FormatMask></FormatMask>
                            <LocalSequence>false</LocalSequence>
                            <ReferenceTableName>NATION</ReferenceTableName>
                            <Multiplier>1</Multiplier>
                            <NormalDistribution>false</NormalDistribution>
                        </NumberGenerator>
                    </DataGenerator>
                </PopulateWith>
            </Column>
            <Column>
                <ColumnName>S_PHONE</ColumnName>
                <DataType>CHAR</DataType>
                <PrimaryKey>false</PrimaryKey>
                <NullsAllowed>false</NullsAllowed>
                <Size DecimalPlaces="2">15</Size>
                <PopulateWith>
                    <DataGenerator>
                        <EnumerationGenerator>
                            <id>DG10</id>
                            <EnumerationValues>00-000-000-0000</EnumerationValues>
                            <MinimumRepetitions>1</MinimumRepetitions>
                            <MaximumRepetitions>1</MaximumRepetitions>
                            <PercentageNull>0</PercentageNull>
                            <NormalDistribution>false</NormalDistribution>
                        </EnumerationGenerator>
                    </DataGenerator>
                </PopulateWith>
            </Column>
            <Column>
                <ColumnName>S_ACCTBAL</ColumnName>
                <DataType>NUMBER</DataType>
                <PrimaryKey>false</PrimaryKey>
                <NullsAllowed>false</NullsAllowed>
                <Size DecimalPlaces="2">15</Size>
                <PopulateWith>
                    <DataGenerator>
                        <FloatGenerator>
                            <id>DG11</id>
                            <Start>1.0</Start>
                            <End>10000.0</End>
                            <Exponent>0</Exponent>
                            <Precision>2</Precision>
                            <PercentageNull>0</PercentageNull>
                        </FloatGenerator>
                    </DataGenerator>
                </PopulateWith>
            </Column>
            <Column>
                <ColumnName>S_COMMENT</ColumnName>
                <DataType>VARCHAR2</DataType>
                <PrimaryKey>false</PrimaryKey>
                <NullsAllowed>false</NullsAllowed>
                <Size DecimalPlaces="2">101</Size>
                <PopulateWith>
                    <DataGenerator>
                        <CharacterGenerator>
                            <id>S_COMMENTDG</id>
                            <CharacterClass>Lowercase Alpha With Whitespace</CharacterClass>
                            <MinimumSize>30</MinimumSize>
                            <MaximumSize>101</MaximumSize>
                            <PercentageNull>0</PercentageNull>
                        </CharacterGenerator>
                    </DataGenerator>
                </PopulateWith>
            </Column>
        </Columns>
        <Partition>
            <PartitionKey>S_SUPPKEY</PartitionKey>
            <NumberOfPartitions>1</NumberOfPartitions>
        </Partition>
        <Scaleable>true</Scaleable>
        <ScaleRatio>1.0</ScaleRatio>
        <ScaleFormula></ScaleFormula>
        <Dimension>true</Dimension>
    </Table>
    <Table RowCount="4">
        <TableName>PARTSUPP</TableName>
        <Columns>
            <Column>
                <ColumnName>PS_PARTKEY</ColumnName>
                <DataType>NUMBER</DataType>
                <PrimaryKey>true</PrimaryKey>
                <NullsAllowed>false</NullsAllowed>
                <Size>0</Size>
                <PopulateWith>
                    <DataGenerator>
                        <NumberGenerator>
                            <id>PS_PARTKEYDG</id>
                            <Start>0</Start>
                            <End>999999999999999999</End>
                            <OrderedSequence>false</OrderedSequence>
                            <PercentageNull>0</PercentageNull>
                            <FormatMask></FormatMask>
                            <LocalSequence>false</LocalSequence>
                            <NormalDistribution>false</NormalDistribution>
                        </NumberGenerator>
                    </DataGenerator>
                </PopulateWith>
            </Column>
            <Column>
                <ColumnName>PS_SUPPKEY</ColumnName>
                <DataType>NUMBER</DataType>
                <PrimaryKey>true</PrimaryKey>
                <NullsAllowed>false</NullsAllowed>
                <Size>0</Size>
                <PopulateWith>
                    <DataGenerator>
                        <NumberGenerator>
                            <id>PS_SUPPKEYDG</id>
                            <Start>1</Start>
                            <End>999999999999999999</End>
                            <OrderedSequence>false</OrderedSequence>
                            <PercentageNull>0</PercentageNull>
                            <FormatMask></FormatMask>
                            <LocalSequence>false</LocalSequence>
                            <ReferenceTableName>SUPPLIER</ReferenceTableName>
                            <Multiplier>1</Multiplier>
                            <NormalDistribution>false</NormalDistribution>
                        </NumberGenerator>
                    </DataGenerator>
                </PopulateWith>
            </Column>
            <Column>
                <ColumnName>PS_AVAILQTY</ColumnName>
                <DataType>NUMBER</DataType>
                <NullsAllowed>false</NullsAllowed>
                <Size>0</Size>
                <PopulateWith>
                    <DataGenerator>
                        <NumberGenerator>
                            <id>PS_AVAILQTYDG</id>
                            <Start>1</Start>
                            <End>9999</End>
                            <OrderedSequence>false</OrderedSequence>
                            <PercentageNull>0</PercentageNull>
                            <LocalSequence>false</LocalSequence>
                            <NormalDistribution>false</NormalDistribution>
                        </NumberGenerator>
                    </DataGenerator>
                </PopulateWith>
            </Column>
            <Column>
                <ColumnName>PS_SUPPLYCOST</ColumnName>
                <DataType>NUMBER</DataType>
                <NullsAllowed>false</NullsAllowed>
                <Size>15</Size>
                <PopulateWith>
                    <DataGenerator>
                        <FloatGenerator>
                            <id>DG22</id>
                            <Start>1.0</Start>
                            <End>1000.0</End>
                            <Exponent>0</Exponent>
                            <Precision>2</Precision>
                            <PercentageNull>0</PercentageNull>
                        </FloatGenerator>
                    </DataGenerator>
                </PopulateWith>
            </Column>
            <Column>
                <ColumnName>PS_COMMENT</ColumnName>
                <DataType>VARCHAR2</DataType>
                <PrimaryKey>false</PrimaryKey>
                <NullsAllowed>false</NullsAllowed>
                <Size>199</Size>
                <PopulateWith>
                    <DataGenerator>
                        <CharacterGenerator>
                            <id>PS_COMMENTDG</id>
                            <CharacterClass>Lowercase Alpha With Whitespace</CharacterClass>
                            <MinimumSize>49</MinimumSize>
                            <MaximumSize>198</MaximumSize>
                            <PercentageNull>0</PercentageNull>
                        </CharacterGenerator>
                    </DataGenerator>
                </PopulateWith>
            </Column>
        </Columns>
        <ParentChildRelationship>
            <ParentTable>PART</ParentTable>
            <ParentColumn>P_PARTKEY</ParentColumn>
            <ChildColumn>PS_PARTKEY</ChildColumn>
            <MinChildParentCount>4</MinChildParentCount>
            <MaxChildParentCount>4</MaxChildParentCount>
        </ParentChildRelationship>
        <Partition>
            <PartitionKey>PS_PARTKEY</PartitionKey>
            <NumberOfPartitions>1</NumberOfPartitions>
        </Partition>
        <Scaleable>true</Scaleable>
        <ScaleRatio>1.0</ScaleRatio>
        <ScaleFormula>4*x</ScaleFormula>
        <Dimension>true</Dimension>
    </Table>
    <Sequence>
        <SequenceName>ORDER_SEQ</SequenceName>
        <StartWith>1</StartWith>
        <IncrementBy>1</IncrementBy>
        <CacheSize>1000</CacheSize>
        <Ordered>false</Ordered>
    </Sequence>
    <Sequence>
        <SequenceName>CUSTOMER_SEQ</SequenceName>
        <StartWith>1</StartWith>
        <IncrementBy>1</IncrementBy>
        <CacheSize>1000</CacheSize>
        <Ordered>false</Ordered>
    </Sequence>
    <Sequence>
        <SequenceName>SUPPLIER_SEQ</SequenceName>
        <StartWith>1</StartWith>
        <IncrementBy>1</IncrementBy>
        <CacheSize>1000</CacheSize>
        <Ordered>false</Ordered>
    </Sequence>
    <Sequence>
        <SequenceName>PART_SEQUENCE</SequenceName>
        <StartWith>1</StartWith>
        <IncrementBy>1</IncrementBy>
        <CacheSize>1000</CacheSize>
        <Ordered>false</Ordered>
    </Sequence>
    <PreGenerationScript/>
    <PostGenerationScript/>
</TableDataGenerator>
