<?xml version="1.0" encoding="UTF-8" standalone="yes"?>
<WizardConfig Name="TPC-H Like Install Wizard" Mode="InterActive" xmlns="http://www.dominicgiles.com/swingbench/wizard">
    <WizardSteps RunnableStep="5">
        <WizardStep SourceFile="com.dom.benchmarking.swingbench.wizards.tpchlike.Step0"/>
        <WizardStep SourceFile="com.dom.benchmarking.swingbench.wizards.tpchlike.Step1"/>
        <WizardStep SourceFile="com.dom.benchmarking.swingbench.wizards.tpchlike.Step2"/>
        <WizardStep SourceFile="com.dom.benchmarking.swingbench.wizards.tpchlike.Step3"/>
        <WizardStep SourceFile="com.dom.benchmarking.swingbench.wizards.tpchlike.Step4"/>
        <WizardStep SourceFile="com.dom.benchmarking.swingbench.wizards.tpchlike.Step5"/>
        <WizardStep SourceFile="com.dom.benchmarking.swingbench.wizards.tpchlike.Step6"/>
        <WizardStep SourceFile="com.dom.benchmarking.swingbench.wizards.tpchlike.Step7"/>
        <WizardStep SourceFile="com.dom.benchmarking.swingbench.wizards.tpchlike.Step8"/>
    </WizardSteps>
    <DataGenerationConfigurationFiles>
        <DataGenerationConfigurationFile Version="1.0" Valid="Post">../sql/tpch.xml</DataGenerationConfigurationFile>
    </DataGenerationConfigurationFiles>
    <ExecutableClass>com.dom.benchmarking.swingbench.wizards.tpchlike.TPCHLikeGenerate</ExecutableClass>
    <DefaultParameters>
        <Parameter Key="connectiontype" Value="thin"/>
        <Parameter Key="userexists" Value="true"/>
        <Parameter Key="output" Value="Verbose"/>
        <Parameter Key="datatablespacesexists" Value="false"/>
        <Parameter Key="scale" Value="0.1"/>
        <Parameter Key="connectionstring" Value="//localhost/soe"/>
        <Parameter Key="tablespace" Value="tpch"/>
        <Parameter Key="datafile" Value=""/>
        <Parameter Key="indexdatafile" Value=""/>
        <Parameter Key="username" Value="tpch"/>
        <Parameter Key="dbapassword" Value="enc(JTTtUng7fseg1iSTljVs3A==)"/>
        <Parameter Key="operation" Value="create"/>
        <Parameter Key="password" Value="enc(JOcK+pTnxho=)"/>
        <Parameter Key="indextablespacesexists" Value="false"/>
        <Parameter Key="indextablespace" Value="tpchIndexes"/>
        <Parameter Key="dbausername" Value="sys as sysdba"/>
    </DefaultParameters>
    <SupportedModels>
        <Compression>
            <SupportedCompression>No Compression</SupportedCompression>
        </Compression>
        <Partitioning>
            <SupportedPartitioning>No Partitioning</SupportedPartitioning>
        </Partitioning>
        <Indexing>
            <SupportedIndexing>All Indexes</SupportedIndexing>
            <SupportedIndexing>Primary Keys Only</SupportedIndexing>
            <SupportedIndexing>No Indexes</SupportedIndexing>
        </Indexing>
    </SupportedModels>
    <BenchmarkVersion>1.0</BenchmarkVersion>
    <ValidatorClass>com.dom.benchmarking.swingbench.wizards.tpchlike.TPCHLikeValidator</ValidatorClass>
    <SchemaDescription>
        <TableList>
            <ObjectName>NATION</ObjectName>
            <ObjectName>REGION</ObjectName>
            <ObjectName>PART</ObjectName>
            <ObjectName>SUPPLIER</ObjectName>
            <ObjectName>PARTSUPP</ObjectName>
            <ObjectName>CUSTOMER</ObjectName>
            <ObjectName>ORDERS</ObjectName>
            <ObjectName>LINEITEM</ObjectName>
        </TableList>
        <IndexList>
        </IndexList>
        <SequenceList/>
        <ViewList/>
        <CodeList/>
    </SchemaDescription>
    <SQLScripts>
        <InitilisationScripts>
            <SQLScript Version="1.0" Valid="Post" Topic="createtablespace">../sql/tpch_createtablespace.sql</SQLScript>
            <SQLScript Version="1.0" Valid="Post" Topic="createindextablespace">../sql/tpch_createindextablespace.sql</SQLScript>
            <SQLScript Version="1.0" Valid="Post" Topic="createuser">../sql/tpch_createuser.sql</SQLScript>
        </InitilisationScripts>
        <PreDataGenerationScripts>
            <VariableList>
                <Variable>
                    <Key>compression</Key>
                    <Value></Value>
                </Variable>
                <Variable>
                    <Key>tablespace</Key>
                    <Value>tpch</Value>
                </Variable>
            </VariableList>
            <SQLScript Version="1.0" Valid="Post" Topic="dropuserobjects" Labels="No Partitioning">../sql/tpch_droptables.sql</SQLScript>
            <SQLScript Version="1.0" Valid="Post" Topic="createtables" Labels="No Partitioning">../sql/tpch_createtables.sql</SQLScript>
        </PreDataGenerationScripts>
        <PostDataGenerationScripts>
            <VariableList>
                <Variable>
                    <Key>parallelism</Key>
                    <Value>2</Value>
                </Variable>
                <Variable>
                    <Key>tablespace</Key>
                    <Value>tpce</Value>
                </Variable>
                <Variable>
                    <Key>indextablespace</Key>
                    <Value>tpce_INDEXES</Value>
                </Variable>
                <Variable>
                    <Key>parallelclause</Key>
                    <Value>parallel 2</Value>
                </Variable>
                <Variable>
                    <Key>logging</Key>
                    <Value>nologging</Value>
                </Variable>
                <Variable>
                    <Key>username</Key>
                    <Value>tpce</Value>
                </Variable>
                <Variable>
                    <Key>running_in_cloud</Key>
                    <Value>false</Value>
                </Variable>
            </VariableList>
            <SQLScript Version="1.0" Valid="Post" Topic="generic">../sql/tpch_analyzeschema.sql</SQLScript>
            <SQLScript Version="1.0" Valid="Post" Topic="createindexes" Labels="All Indexes,Primary Keys Only,No Partitioning,Interval Partitioning">../sql/tpch_createconstraints.sql</SQLScript>
        </PostDataGenerationScripts>
        <PurgeScripts>
            <SQLScript Version="1.0" Valid="Post" Topic="droptablespace">../sql/tpch_droptablespace.sql</SQLScript>
            <SQLScript Version="1.0" Valid="Post" Topic="dropuser">../sql/tpch_dropuser.sql</SQLScript>
        </PurgeScripts>
    </SQLScripts>
</WizardConfig>
