<?xml version = '1.0' encoding = 'UTF-8'?>
<ClusterOverviewConfiguration xmlns="http://www.dominicgiles.com/swingbench">
  <Coordinator>
    <HostName>dgiles-uk</HostName>
  </Coordinator>
  <Preferences>
    <MonitoredUsers>cc,soe,dom</MonitoredUsers>
    <RefreshPeriod>5</RefreshPeriod>
    <StartInOrder>false</StartInOrder>
    <StabilitySamples>10</StabilitySamples>
    <StabilityTolerance>2</StabilityTolerance>
    <RunAutomatically>false</RunAutomatically>
  </Preferences>
  <MonitoredNodes>
    <MonitoredNode>
      <GroupId>RAC1</GroupId>
      <DisplayName>RAC1</DisplayName>
      <ConnectString>localhost:1521:DOM102</ConnectString>
    </MonitoredNode>
    <MonitoredNode>
      <GroupId>RAC2</GroupId>
      <DisplayName>RAC2</DisplayName>
      <ConnectString>localhost:1521:DOM102</ConnectString>
    </MonitoredNode>
    <MonitoredNode>
      <GroupId>RAC3</GroupId>
      <DisplayName>RAC3</DisplayName>
      <ConnectString>localhost:1521:DOM102</ConnectString>
    </MonitoredNode>
    <MonitoredNode>
      <GroupId>RAC4</GroupId>
      <DisplayName>RAC4</DisplayName>
      <ConnectString>localhost:1521:DOM102</ConnectString>
    </MonitoredNode>
    <DBAUsername>system</DBAUsername>
    <DBAPassword>manager</DBAPassword>
    <DBADriverType>thin</DBADriverType>
  </MonitoredNodes>
  <DisplayedCharts>
    <DisplayedChart>
      <ChartName>ControlPanel</ChartName>
    </DisplayedChart>
    <DisplayedChart>
      <ChartName>TPM</ChartName>
      <Autoscale>false</Autoscale>
      <MaximumValue>10000</MaximumValue>
    </DisplayedChart>
    <DisplayedChart>
      <ChartName>Overview</ChartName>
    </DisplayedChart>
    <DisplayedChart>
      <ChartName>Scalability</ChartName>
    </DisplayedChart>
  </DisplayedCharts>
</ClusterOverviewConfiguration>
