<?xml version="1.0" encoding="UTF-8" standalone="yes"?>
<SQLStatementList xmlns="http://www.dominicgiles.com/swingbench/SQLStatements">
    <SQLStatement>
        <id>1</id>
        <name>Pricing Summary Report Query</name>
        <shortname>Query1</shortname>
        <sql>select
            l_returnflag,
            l_linestatus,
            sum(l_quantity) as sum_qty,
            sum(l_extendedprice) as sum_base_price,
            sum(l_extendedprice * (1-l_discount)) as sum_disc_price,
            sum(l_extendedprice * (1-l_discount) * (1+l_tax)) as sum_charge,
            avg(l_quantity) as avg_qty,
            avg(l_extendedprice) as avg_price,
            avg(l_discount) as avg_disc,
            count(*) as count_order
            from
            lineitem
            where
            l_shipdate &lt;= date '1998-12-01' - interval ':PARAM1' day
            group by
            l_returnflag,
            l_linestatus
            order by
            l_returnflag,
            l_linestatus
        </sql>
        <implmentasliteral>true</implmentasliteral>
        <enabled>true</enabled>
        <querytimeout>0</querytimeout>
        <statementtype>Select</statementtype>
        <parameter_list>
            <parameter>
                <id>:PARAM1</id>
                <datatype>string</datatype>
                <quotestring>false</quotestring>
                <randomvalues>
                    <startvalue>60</startvalue>
                    <endvalue>99</endvalue>
                </randomvalues>
            </parameter>
        </parameter_list>
    </SQLStatement>
    <SQLStatement>
        <id>2</id>
        <name>MinimumCostSupplierQuery</name>
        <shortname>Query2</shortname>
        <sql>SELECT s_acctbal,
            s_name,
            n_name,
            p_partkey,
            p_mfgr,
            s_address,
            s_phone,
            s_comment
            FROM part,
            supplier,
            partsupp,
            nation,
            region
            WHERE p_partkey = ps_partkey
            AND s_suppkey = ps_suppkey
            AND p_size = :PARAM1
            AND p_type LIKE '%BRASS%'
            AND s_nationkey = n_nationkey
            AND n_regionkey = r_regionkey
            AND r_name = ':PARAM2'
            AND ps_supplycost = (
            SELECT MIN(ps_supplycost)
            FROM partsupp,
            supplier,
            nation,
            region
            WHERE p_partkey = ps_partkey
            AND s_suppkey = ps_suppkey
            AND s_nationkey = n_nationkey
            AND n_regionkey = r_regionkey
            AND r_name = ':PARAM2'
            )
            ORDER BY s_acctbal DESC, n_name, s_name, p_partkey
            FETCH FIRST 100 ROWS ONLY
        </sql>
        <implmentasliteral>true</implmentasliteral>
        <enabled>true</enabled>
        <querytimeout>0</querytimeout>
        <statementtype>Select</statementtype>
        <parameter_list>
            <parameter>
                <id>:PARAM1</id>
                <datatype>integer</datatype>
                <quotestring>false</quotestring>
                <randomvalues>
                    <startvalue>1</startvalue>
                    <endvalue>50</endvalue>
                </randomvalues>
            </parameter>
            <parameter>
                <id>:PARAM2</id>
                <datatype>integer</datatype>
                <quotestring>false</quotestring>
                <enumerationvalues>
                    <possiblevalues>EUROPE,ASIA,AFRICA,MIDDLE EAST,AMERICA,</possiblevalues>
                </enumerationvalues>
            </parameter>
        </parameter_list>
    </SQLStatement>
    <SQLStatement>
        <id>3</id>
        <name>Shipping Priority Query</name>
        <shortname>Query3</shortname>
        <sql>SELECT l_orderkey, SUM(l_extendedprice * (1 - l_discount)) AS revenue,
            o_orderdate,
            o_shippriority
            FROM customer,
            orders,
            lineitem
            WHERE c_mktsegment = 'BUILDING'
            AND c_custkey = o_custkey
            AND l_orderkey = o_orderkey
            AND o_orderdate &lt; date '1995-3-15'
            AND l_shipdate &gt; date '1995-3-15'
            GROUP BY l_orderkey, o_orderdate, o_shippriority
            ORDER BY revenue DESC, o_orderdate
            FETCH FIRST 10 ROWS ONLY
        </sql>
        <implmentasliteral>true</implmentasliteral>
        <enabled>true</enabled>
        <querytimeout>0</querytimeout>
        <statementtype>Select</statementtype>
    </SQLStatement>
    <SQLStatement>
        <id>4</id>
        <name>OrderPriorityCheckingQuery</name>
        <shortname>Query4</shortname>
        <sql>SELECT o_orderpriority, COUNT(*) AS order_count
            FROM orders
            WHERE o_orderdate &gt;= date ':PARAM2-:PARAM1-1'
            AND o_orderdate &lt; date ':PARAM2-:PARAM1-1' + interval '3' MONTH
            AND EXISTS(
            SELECT *
            FROM lineitem
            WHERE l_orderkey = o_orderkey
            AND l_commitdate &lt; l_receiptdate
            )
            GROUP BY o_orderpriority
            ORDER BY o_orderpriority
        </sql>
        <implmentasliteral>true</implmentasliteral>
        <enabled>true</enabled>
        <querytimeout>0</querytimeout>
        <statementtype>Select</statementtype>
        <parameter_list>
            <parameter>
                <id>:PARAM1</id>
                <datatype>integer</datatype>
                <quotestring>false</quotestring>
                <randomvalues>
                    <startvalue>1</startvalue>
                    <endvalue>12</endvalue>
                </randomvalues>
            </parameter>
            <parameter>
                <id>:PARAM2</id>
                <datatype>integer</datatype>
                <quotestring>false</quotestring>
                <randomvalues>
                    <startvalue>1993</startvalue>
                    <endvalue>1997</endvalue>
                </randomvalues>
            </parameter>
        </parameter_list>
    </SQLStatement>
    <SQLStatement>
        <id>5</id>
        <name>Local Supplier Volume Query</name>
        <shortname>Query5</shortname>
        <sql>SELECT c_nationkey, SUM(l_extendedprice * (1 - l_discount)) AS revenue
            FROM customer, orders, lineitem, supplier
            ,nation
            ,region
            WHERE c_custkey = o_custkey
            AND l_orderkey = o_orderkey
            AND l_suppkey = s_suppkey
            AND c_nationkey = s_nationkey
            AND s_nationkey = n_nationkey
            AND n_regionkey = r_regionkey
            AND r_name = ':PARAM2'
            AND o_orderdate &gt;= DATE ':PARAM1-1-1'
            AND o_orderdate &lt; DATE ':PARAM1-1-1' + INTERVAL '1' YEAR
            GROUP BY c_nationkey
            ORDER BY revenue DESC
        </sql>
        <implmentasliteral>true</implmentasliteral>
        <enabled>true</enabled>
        <querytimeout>0</querytimeout>
        <statementtype>Select</statementtype>
        <parameter_list>
            <parameter>
                <id>:PARAM1</id>
                <datatype>integer</datatype>
                <quotestring>false</quotestring>
                <randomvalues>
                    <startvalue>1993</startvalue>
                    <endvalue>1997</endvalue>
                </randomvalues>
            </parameter>
            <parameter>
                <id>:PARAM2</id>
                <datatype>string</datatype>
                <quotestring>false</quotestring>
                <enumerationvalues>
                    <possiblevalues>EUROPE,ASIA,AFRICA,MIDDLE EAST,AMERICA,</possiblevalues>
                </enumerationvalues>
            </parameter>
        </parameter_list>
    </SQLStatement>
    <SQLStatement>
        <id>6</id>
        <name>ForecastingRevenueChangeQuery</name>
        <shortname>Query6</shortname>
        <sql>SELECT
            SUM(l_extendedprice * l_discount) AS revenue
            FROM
            lineitem
            WHERE
            l_shipdate &gt;= DATE ':PARAM1-1-1'
            AND l_shipdate &lt; DATE ':PARAM1-1-1' + INTERVAL '1' YEAR
            AND l_discount BETWEEN .06 - 0.01 AND .06 + 0.010001
            AND l_quantity &lt; 24
        </sql>
        <implmentasliteral>true</implmentasliteral>
        <enabled>true</enabled>
        <querytimeout>0</querytimeout>
        <statementtype>Select</statementtype>
        <parameter_list>
            <parameter>
                <id>:PARAM1</id>
                <datatype>integer</datatype>
                <quotestring>false</quotestring>
                <randomvalues>
                    <startvalue>1993</startvalue>
                    <endvalue>1997</endvalue>
                </randomvalues>
            </parameter>
        </parameter_list>
    </SQLStatement>
    <SQLStatement>
        <id>7</id>
        <name>Volume Shipping Query</name>
        <shortname>Query7</shortname>
        <sql>SELECT supp_nation,
            cust_nation,
            l_year,
            SUM(volume) AS revenue
            FROM (
            SELECT n1.n_name AS supp_nation,
            n2.n_name AS cust_nation,
            EXTRACT(YEAR FROM l_shipdate) AS l_year,
            l_extendedprice * (1 - l_discount) AS volume
            FROM supplier,
            lineitem,
            orders,
            customer,
            nation n1,
            nation n2
            WHERE s_suppkey = l_suppkey
            AND o_orderkey = l_orderkey
            AND c_custkey = o_custkey
            AND s_nationkey = n1.n_nationkey
            AND c_nationkey = n2.n_nationkey
            AND (
            (n1.n_name = ':PARAM1' AND n2.n_name = ':PARAM2')
            OR (n1.n_name = ':PARAM2' AND n2.n_name = ':PARAM1')
            )
            AND l_shipdate BETWEEN DATE '1995-1-1' AND DATE '1995-1-1' + interval '1' month
            )
            GROUP BY
            supp_nation,
            cust_nation,
            l_year
            ORDER BY
            supp_nation,
            cust_nation,
            l_year
        </sql>
        <implmentasliteral>true</implmentasliteral>
        <enabled>true</enabled>
        <querytimeout>0</querytimeout>
        <statementtype>Select</statementtype>
        <parameter_list>
            <parameter>
                <id>:PARAM1</id>
                <datatype>string</datatype>
                <quotestring>false</quotestring>
                <enumerationvalues>
                    <possiblevalues>
                        ALGERIA,ARGENTINA,BRAZIL,CANADA,CHINA,EGYPT,ETHIOPIA,FRANCE,GERMANY,INDIA,INDONESIA,IRAN,IRAQ,JAPAN,JORDAN,KENYA,MOROCCO,SAUDI ARABIA,MOZAMBIQUE,PERU,ROMANIA,RUSSIA,UNITED KINGDOM,UNITED STATES,VIETNAM
                    </possiblevalues>
                </enumerationvalues>
            </parameter>
            <parameter>
                <id>:PARAM2</id>
                <datatype>string</datatype>
                <quotestring>false</quotestring>
                <enumerationvalues>
                    <possiblevalues>
                        ALGERIA,ARGENTINA,BRAZIL,CANADA,CHINA,EGYPT,ETHIOPIA,FRANCE,GERMANY,INDIA,INDONESIA,IRAN,IRAQ,JAPAN,JORDAN,KENYA,MOROCCO,SAUDI,ARABIA,MOZAMBIQUE,PERU,ROMANIA,RUSSIA,UNITED KINGDOM,UNITED STATES,VIETNAM
                    </possiblevalues>
                </enumerationvalues>
            </parameter>
        </parameter_list>
    </SQLStatement>
    <SQLStatement>
        <id>8</id>
        <name>National Market Share Query</name>
        <shortname>Query8</shortname>
        <sql>SELECT
            o_year,
            SUM(CASE
            WHEN nation = 'BRAZIL' THEN volume
            ELSE 0
            END) / SUM(volume) AS mkt_share
            FROM
            (
            SELECT
            EXTRACT(YEAR FROM o_orderdate) AS o_year,
            l_extendedprice * (1 - l_discount) AS volume,
            n2.n_name AS nation
            FROM
            part,
            supplier,
            lineitem,
            orders,
            customer,
            nation n1,
            nation n2,
            region
            WHERE
            p_partkey = l_partkey
            AND s_suppkey = l_suppkey
            AND l_orderkey = o_orderkey
            AND o_custkey = c_custkey
            AND c_nationkey = n1.n_nationkey
            AND n1.n_regionkey = r_regionkey
            AND r_name = 'AMERICA'
            AND s_nationkey = n2.n_nationkey
            AND o_orderdate BETWEEN DATE '1995-01-01' AND DATE '1996-12-31'
            AND p_type = 'ECONOMY ANODIZED STEEL'
            )
            GROUP BY
            o_year
            ORDER BY
            o_year
        </sql>
        <implmentasliteral>true</implmentasliteral>
        <enabled>true</enabled>
        <querytimeout>0</querytimeout>
        <statementtype>Select</statementtype>
    </SQLStatement>
    <SQLStatement>
        <id>9</id>
        <name>Product Type Profit Measure Query</name>
        <shortname>Query9</shortname>
        <sql>SELECT
            nation,
            o_year,
            SUM(amount) AS sum_profit
            FROM
            (
            SELECT
            n_name AS nation,
            EXTRACT(YEAR FROM o_orderdate) AS o_year,
            l_extendedprice * (1 - l_discount) - ps_supplycost * l_quantity AS amount
            FROM
            part,
            supplier,
            lineitem,
            partsupp,
            orders,
            nation
            WHERE
            s_suppkey = l_suppkey
            AND ps_suppkey = l_suppkey
            AND ps_partkey = l_partkey
            AND p_partkey = l_partkey
            AND o_orderkey = l_orderkey
            AND s_nationkey = n_nationkey
            AND p_name LIKE '%:PARAM1%'
            )
            GROUP BY
            nation,
            o_year
            ORDER BY
            nation,
            o_year DESC</sql>
        <implmentasliteral>true</implmentasliteral>
        <enabled>true</enabled>
        <querytimeout>0</querytimeout>
        <statementtype>Select</statementtype>
        <parameter_list>
            <parameter>
                <id>:PARAM1</id>
                <datatype>string</datatype>
                <quotestring>false</quotestring>
                <enumerationvalues>
                    <possiblevalues>almond,antique,aquamarine,azure,beige,bisque,black,blanched,blue,blush,brown,burlywood,burnished,chartreuse,chiffon,chocolate,coral,cornflower,cornsilk,cream,cyan,dark,deep,dim,dodger,drab,firebrick,floral,forest,frosted,gainsboro,ghost,goldenrod,green,grey,honeydew,hot,indian,ivory,khaki,lace,lavender,lawn,lemon,light,lime,linen,magenta,maroon,medium,metallic,midnight,mint,misty,moccasin,navajo,navy,olive,orange,orchid,pale,papaya,peach,peru,pink,plum,powder,puff,purple,red,rose,rosy,royal,saddle,salmon,sandy,seashell,sienna,sky,slate,smoke,snow,spring,steel,tan,thistle,tomato,turquoise,violet,wheat,white,yellow</possiblevalues>
                </enumerationvalues>
            </parameter>
        </parameter_list>
    </SQLStatement>
    <SQLStatement>
        <id>10</id>
        <name>Returned Item Reporting Query</name>
        <shortname>Query10</shortname>
        <sql>SELECT c_custkey,
            c_name,
            SUM(l_extendedprice * (1 - l_discount)) AS revenue,
            c_acctbal,
            n_name,
            c_address,
            c_phone,
            c_comment
            FROM customer,
            orders,
            lineitem,
            nation
            WHERE c_custkey = o_custkey
            AND l_orderkey = o_orderkey
            AND o_orderdate &gt;= date ':PARAM1-:PARAM2-1'
            AND o_orderdate &lt; date ':PARAM1-:PARAM2-1' + interval '3' MONTH
            AND l_returnflag = 'R'
            AND c_nationkey = n_nationkey
            GROUP BY c_custkey,
            c_name,
            c_acctbal,
            c_phone,
            n_name,
            c_address,
            c_comment
            ORDER BY revenue DESC</sql>
        <implmentasliteral>true</implmentasliteral>
        <enabled>true</enabled>
        <querytimeout>0</querytimeout>
        <statementtype>Select</statementtype>
        <parameter_list>
            <parameter>
                <id>:PARAM1</id>
                <datatype>integer</datatype>
                <quotestring>false</quotestring>
                <randomvalues>
                    <startvalue>1</startvalue>
                    <endvalue>100</endvalue>
                </randomvalues>
            </parameter>
            <parameter>
                <id>:PARAM2</id>
                <datatype>integer</datatype>
                <quotestring>false</quotestring>
                <randomvalues>
                    <startvalue>1</startvalue>
                    <endvalue>12</endvalue>
                </randomvalues>
            </parameter>
        </parameter_list>
    </SQLStatement>
    <SQLStatement>
        <id>11</id>
        <name>Important Stock Identification Query</name>
        <shortname>Query11</shortname>
        <sql>SELECT ps_partkey,
            SUM(ps_supplycost * ps_availqty) AS value
            FROM partsupp,
            supplier,
            nation
            WHERE ps_suppkey = s_suppkey
            AND s_nationkey = n_nationkey
            AND n_name = ':PARAM1'
            GROUP BY ps_partkey
            HAVING SUM(ps_supplycost * ps_availqty) &gt; (
            SELECT SUM(ps_supplycost * ps_availqty) * 0.0001000000e-2
            FROM partsupp,
            supplier,
            nation
            WHERE ps_suppkey = s_suppkey
            AND s_nationkey = n_nationkey
            AND n_name = ':PARAM1'
            )
            ORDER BY value DESC
            fetch first 10 rows only</sql>
        <implmentasliteral>true</implmentasliteral>
        <enabled>true</enabled>
        <querytimeout>0</querytimeout>
        <statementtype>Select</statementtype>
        <parameter_list>
            <parameter>
                <id>:PARAM1</id>
                <datatype>string</datatype>
                <quotestring>false</quotestring>
                <enumerationvalues>
                    <possiblevalues>
                        ALGERIA,ARGENTINA,BRAZIL,CANADA,CHINA,EGYPT,ETHIOPIA,FRANCE,GERMANY,INDIA,INDONESIA,IRAN,IRAQ,JAPAN,JORDAN,KENYA,MOROCCO,SAUDI ARABIA,MOZAMBIQUE,PERU,ROMANIA,RUSSIA,UNITED KINGDOM,UNITED STATES,VIETNAM
                    </possiblevalues>
                </enumerationvalues>
            </parameter>
        </parameter_list>
    </SQLStatement>
    <SQLStatement>
        <id>12</id>
        <name>Shipping Modes and Order Priority Query</name>
        <shortname>Query12</shortname>
        <sql>SELECT l_shipmode,
       SUM(CASE
               WHEN o_orderpriority = '1-URGENT'
                   OR o_orderpriority = '2-HIGH'
                   THEN 1
               ELSE 0
           END) AS high_line_count,
       SUM(CASE
               WHEN o_orderpriority &lt;&gt; '1-URGENT'
                   AND o_orderpriority &lt;&gt; '2-HIGH'
                   THEN 1
               ELSE 0
           END) AS low_line_count
FROM orders,
     lineitem
WHERE o_orderkey = l_orderkey
  AND l_shipmode IN ('MAIL', 'SHIP')
  AND l_commitdate &lt; l_receiptdate
  AND l_shipdate &lt; l_commitdate
  AND l_receiptdate &gt;= date ':PARAM1-1-1'
  AND l_receiptdate &lt; date ':PARAM1-1-1' + interval '1' YEAR
GROUP BY l_shipmode
ORDER BY l_shipmode</sql>
        <implmentasliteral>true</implmentasliteral>
        <enabled>true</enabled>
        <querytimeout>0</querytimeout>
        <statementtype>Select</statementtype>
        <parameter_list>
            <parameter>
                <id>:PARAM1</id>
                <datatype>integer</datatype>
                <quotestring>false</quotestring>
                <randomvalues>
                    <startvalue>1993</startvalue>
                    <endvalue>1997</endvalue>
                </randomvalues>
            </parameter>
        </parameter_list>
    </SQLStatement>
    <SQLStatement>
        <id>13</id>
        <name>Customer Distribution Query</name>
        <shortname>Query13</shortname>
        <sql>SELECT c_count,
            COUNT(*) AS custdist
            FROM (
            SELECT c_custkey,
            COUNT(o_orderkey) AS c_count
            FROM (SELECT *
            FROM customer
            LEFT OUTER JOIN orders ON
            c_custkey = o_custkey AND
            o_comment NOT LIKE '%:PARAM1%:PARAM2%') c_customer
            GROUP BY c_custkey
            ) c_orders
            GROUP BY c_count
            ORDER BY custdist DESC,
            c_count DESC</sql>
        <implmentasliteral>true</implmentasliteral>
        <enabled>true</enabled>
        <querytimeout>0</querytimeout>
        <statementtype>Select</statementtype>
        <parameter_list>
            <parameter>
                <id>:PARAM1</id>
                <datatype>string</datatype>
                <quotestring>false</quotestring>
                <enumerationvalues>
                    <possiblevalues>special,pending,unusual,express</possiblevalues>
                </enumerationvalues>
            </parameter>
            <parameter>
                <id>:PARAM2</id>
                <datatype>string</datatype>
                <quotestring>false</quotestring>
                <enumerationvalues>
                    <possiblevalues>packages,requests,accounts,deposits</possiblevalues>
                </enumerationvalues>
            </parameter>
        </parameter_list>
    </SQLStatement>
    <SQLStatement>
        <id>14</id>
        <name>Promotion Effect Query</name>
        <shortname>Query14</shortname>
        <sql>SELECT 100.00 * SUM(CASE
                        WHEN p_type LIKE 'PROMO%'
                            THEN l_extendedprice * (1 - l_discount)
                        ELSE 0
    END) / SUM(l_extendedprice * (1 - l_discount)) AS promo_revenue
FROM lineitem,
     part
WHERE l_partkey = p_partkey
  AND l_shipdate &gt;= date ':PARAM1-:PARAM2-1'
  AND l_shipdate &lt; date ':PARAM1-:PARAM2-1' + interval '1' MONTH</sql>
        <implmentasliteral>true</implmentasliteral>
        <enabled>true</enabled>
        <querytimeout>0</querytimeout>
        <statementtype>Select</statementtype>
        <parameter_list>
            <parameter>
                <id>:PARAM1</id>
                <datatype>integer</datatype>
                <quotestring>false</quotestring>
                <randomvalues>
                    <startvalue>1993</startvalue>
                    <endvalue>1997</endvalue>
                </randomvalues>
            </parameter>
            <parameter>
                <id>:PARAM2</id>
                <datatype>integer</datatype>
                <quotestring>false</quotestring>
                <randomvalues>
                    <startvalue>1</startvalue>
                    <endvalue>12</endvalue>
                </randomvalues>
            </parameter>
        </parameter_list>
    </SQLStatement>
    <SQLStatement>
        <id>16</id>
        <name>Parts/Supplier Relationship Query</name>
        <shortname>Query16</shortname>
        <sql>SELECT p_brand,
       p_type,
       p_size,
       COUNT(DISTINCT ps_suppkey) AS supplier_cnt
FROM partsupp,
     part
WHERE p_partkey = ps_partkey
  AND p_brand &lt;&gt; 'Brand#45'
  AND p_type NOT LIKE ':PARAM9 :PARAM10%'
  AND p_size IN (:PARAM1, :PARAM2, :PARAM3, :PARAM4, :PARAM5, :PARAM6, :PARAM7, :PARAM8)
  AND ps_suppkey NOT IN (
    SELECT s_suppkey
    FROM supplier
    WHERE s_comment LIKE '%Customer%Complaints%'
)
GROUP BY p_brand,
         p_type,
         p_size
ORDER BY supplier_cnt DESC,
         p_brand,
         p_type,
         p_size</sql>
        <implmentasliteral>true</implmentasliteral>
        <enabled>true</enabled>
        <querytimeout>0</querytimeout>
        <statementtype>Select</statementtype>
        <parameter_list>
            <parameter>
                <id>:PARAM1</id>
                <datatype>integer</datatype>
                <quotestring>false</quotestring>
                <randomvalues>
                    <startvalue>1</startvalue>
                    <endvalue>50</endvalue>
                </randomvalues>
            </parameter>
            <parameter>
                <id>:PARAM2</id>
                <datatype>integer</datatype>
                <quotestring>false</quotestring>
                <randomvalues>
                    <startvalue>1</startvalue>
                    <endvalue>50</endvalue>
                </randomvalues>
            </parameter>
            <parameter>
                <id>:PARAM3</id>
                <datatype>integer</datatype>
                <quotestring>false</quotestring>
                <randomvalues>
                    <startvalue>1</startvalue>
                    <endvalue>50</endvalue>
                </randomvalues>
            </parameter>
            <parameter>
                <id>:PARAM4</id>
                <datatype>integer</datatype>
                <quotestring>false</quotestring>
                <randomvalues>
                    <startvalue>1</startvalue>
                    <endvalue>50</endvalue>
                </randomvalues>
            </parameter>
            <parameter>
                <id>:PARAM5</id>
                <datatype>integer</datatype>
                <quotestring>false</quotestring>
                <randomvalues>
                    <startvalue>1</startvalue>
                    <endvalue>50</endvalue>
                </randomvalues>
            </parameter>
            <parameter>
                <id>:PARAM6</id>
                <datatype>integer</datatype>
                <quotestring>false</quotestring>
                <randomvalues>
                    <startvalue>1</startvalue>
                    <endvalue>50</endvalue>
                </randomvalues>
            </parameter>
            <parameter>
                <id>:PARAM7</id>
                <datatype>integer</datatype>
                <quotestring>false</quotestring>
                <randomvalues>
                    <startvalue>1</startvalue>
                    <endvalue>50</endvalue>
                </randomvalues>
            </parameter>
            <parameter>
                <id>:PARAM8</id>
                <datatype>integer</datatype>
                <quotestring>false</quotestring>
                <randomvalues>
                    <startvalue>1</startvalue>
                    <endvalue>50</endvalue>
                </randomvalues>
            </parameter>
            <parameter>
                <id>:PARAM9</id>
                <datatype>string</datatype>
                <quotestring>false</quotestring>
                <enumerationvalues>
                    <possiblevalues>STANDARD,SMALL,MEDIUM,LARGE,ECONOMY,PROMO</possiblevalues>
                </enumerationvalues>
            </parameter>
            <parameter>
                <id>:PARAM10</id>
                <datatype>string</datatype>
                <quotestring>false</quotestring>
                <enumerationvalues>
                    <possiblevalues>ANODIZED,BURNISHED,PLATED,POLISHED,BRUSHED</possiblevalues>
                </enumerationvalues>
            </parameter>
        </parameter_list>
    </SQLStatement>
    <SQLStatement>
        <id>17</id>
        <name>Small-Quantity-Order Revenue Query</name>
        <shortname>Query17</shortname>
        <sql>SELECT SUM(l_extendedprice) / 7.0 AS avg_yearly
FROM lineitem,
     part
WHERE p_partkey = l_partkey
  AND p_brand = 'Brand#:PARAM1'
  AND p_container = 'MED BOX'
  AND l_quantity &lt; (
    SELECT 2e-1 * AVG(l_quantity)
    FROM lineitem
    WHERE l_partkey = p_partkey
)</sql>
        <implmentasliteral>true</implmentasliteral>
        <enabled>true</enabled>
        <querytimeout>0</querytimeout>
        <statementtype>Select</statementtype>
        <parameter_list>
            <parameter>
                <id>:PARAM1</id>
                <datatype>integer</datatype>
                <quotestring>false</quotestring>
                <randomvalues>
                    <startvalue>1</startvalue>
                    <endvalue>50</endvalue>
                </randomvalues>
            </parameter>
        </parameter_list>
    </SQLStatement>
    <SQLStatement>
        <id>18</id>
        <name>Large Volume Customer Query</name>
        <shortname>Query18</shortname>
        <sql>select
            c_name, c_custkey,
            o_orderkey,
            o_orderdate,
            o_totalprice,
            sum(l_quantity)
            from customer,
            orders,
            lineitem
            where o_orderkey in (
            select l_orderkey
            from lineitem
            group by l_orderkey
            having sum(l_quantity) &gt; :PARAM1
            )
            and c_custkey = o_custkey
            and o_orderkey = l_orderkey
            group by c_name,
            c_custkey,
            o_orderkey,
            o_orderdate,
            o_totalprice
            order by o_totalprice desc,
            o_orderdate
            fetch first 100 rows only</sql>
        <implmentasliteral>true</implmentasliteral>
        <enabled>true</enabled>
        <querytimeout>0</querytimeout>
        <statementtype>Select</statementtype>
        <parameter_list>
            <parameter>
                <id>:PARAM1</id>
                <datatype>integer</datatype>
                <quotestring>false</quotestring>
                <randomvalues>
                    <startvalue>300</startvalue>
                    <endvalue>330</endvalue>
                </randomvalues>
            </parameter>
        </parameter_list>
    </SQLStatement>
    <SQLStatement>
        <id>19</id>
        <name>Discounted Revenue Query</name>
        <shortname>Query19</shortname>
        <sql>SELECT SUM(l_extendedprice * (1 - l_discount)) AS revenue
FROM lineitem,
     part
WHERE (
            p_partkey = l_partkey
        AND p_brand = 'Brand#:PARAM1'
        AND p_container IN ('SM CASE', 'SM BOX', 'SM PACK', 'SM PKG')
        AND l_quantity &gt;= 1 AND l_quantity &lt;= 1 + 10
        AND p_size BETWEEN 1 AND 5
        AND l_shipmode IN ('AIR', 'AIR REG')
        AND l_shipinstruct = 'DELIVER IN PERSON'
    )
   OR (
            p_partkey = l_partkey
        AND p_brand = 'Brand#:PARAM2'
        AND p_container IN ('MED BAG', 'MED BOX', 'MED PKG', 'MED PACK')
        AND l_quantity &gt;= 10 AND l_quantity &lt;= 10 + 10
        AND p_size BETWEEN 1 AND 10
        AND l_shipmode IN ('AIR', 'AIR REG')
        AND l_shipinstruct = 'DELIVER IN PERSON'
    )
   OR (
            p_partkey = l_partkey
        AND p_brand = 'Brand#:PARAM3'
        AND p_container IN ('LG CASE', 'LG BOX', 'LG PACK', 'LG PKG')
        AND l_quantity &gt;= 20 AND l_quantity &lt;= 20 + 10
        AND p_size BETWEEN 1 AND 15
        AND l_shipmode IN ('AIR', 'AIR REG')
        AND l_shipinstruct = 'DELIVER IN PERSON'
    )</sql>
        <implmentasliteral>true</implmentasliteral>
        <enabled>true</enabled>
        <querytimeout>0</querytimeout>
        <statementtype>Select</statementtype>
        <parameter_list>
            <parameter>
                <id>:PARAM1</id>
                <datatype>integer</datatype>
                <quotestring>false</quotestring>
                <randomvalues>
                    <startvalue>1</startvalue>
                    <endvalue>50</endvalue>
                </randomvalues>
            </parameter>
            <parameter>
                <id>:PARAM2</id>
                <datatype>integer</datatype>
                <quotestring>false</quotestring>
                <randomvalues>
                    <startvalue>1</startvalue>
                    <endvalue>50</endvalue>
                </randomvalues>
            </parameter>
            <parameter>
                <id>:PARAM3</id>
                <datatype>integer</datatype>
                <quotestring>false</quotestring>
                <randomvalues>
                    <startvalue>1</startvalue>
                    <endvalue>50</endvalue>
                </randomvalues>
            </parameter>
        </parameter_list>
    </SQLStatement>
    <SQLStatement>
        <id>20</id>
        <name>Potential Part Promotion Query</name>
        <shortname>Query20</shortname>
        <sql>SELECT s_name,
       s_address
FROM supplier,
     nation
WHERE s_suppkey IN (
    SELECT ps_suppkey
    FROM partsupp
    WHERE ps_partkey IN (
        SELECT p_partkey
        FROM part
        WHERE p_name LIKE 'forest%'
    )
      AND ps_availqty &gt; (
        SELECT 0.5 * SUM(l_quantity)
        FROM lineitem
        WHERE l_partkey = ps_partkey
          AND l_suppkey = ps_suppkey
          AND l_shipdate &gt;= date':PARAM2-1-1'
          AND l_shipdate &lt; date':PARAM2-1-1' + interval '1' YEAR
    )
)
  AND s_nationkey = n_nationkey
  AND n_name = ':PARAM1'
ORDER BY s_name</sql>
        <implmentasliteral>true</implmentasliteral>
        <enabled>true</enabled>
        <querytimeout>0</querytimeout>
        <statementtype>Select</statementtype>
        <parameter_list>
            <parameter>
                <id>:PARAM1</id>
                <datatype>string</datatype>
                <quotestring>false</quotestring>
                <enumerationvalues>
                    <possiblevalues>
                        ALGERIA,ARGENTINA,BRAZIL,CANADA,CHINA,EGYPT,ETHIOPIA,FRANCE,GERMANY,INDIA,INDONESIA,IRAN,IRAQ,JAPAN,JORDAN,KENYA,MOROCCO,SAUDI ARABIA,MOZAMBIQUE,PERU,ROMANIA,RUSSIA,UNITED KINGDOM,UNITED STATES,VIETNAM
                    </possiblevalues>
                </enumerationvalues>
            </parameter>
            <parameter>
                <id>:PARAM2</id>
                <datatype>integer</datatype>
                <quotestring>false</quotestring>
                <randomvalues>
                    <startvalue>1993</startvalue>
                    <endvalue>1997</endvalue>
                </randomvalues>
            </parameter>
        </parameter_list>
    </SQLStatement>
</SQLStatementList>
